id,category,categoryLabel,key,emoji,nameKo,descKo,tier,price,coinCost,itemKind,deviceKind,command,sprite,aiPrompt
"ach_boss1","ach","업적","boss1","📝","중간고사 통과","보스 1회 클리어",,,,,,,"Sprites/Achievements/ach_boss1.png","a bronze medal badge with a graduation exam paper, achievement trophy, single subject centered, soft plain dark studio gradient background, highly detailed digital painting, game collectible card art, vibrant colors, sharp focus"
"ach_boss5","ach","업적","boss5","🎓","졸업반","보스 5회 클리어",,,,,,,"Sprites/Achievements/ach_boss5.png","a golden graduation cap medal with five stars, prestige achievement trophy, single subject centered, soft plain dark studio gradient background, highly detailed digital painting, game collectible card art, vibrant colors, sharp focus"
"ach_cherry100","ach","업적","cherry100","🍒","체리 수확가","🍒체리 누적 100개",,,,,,,"Sprites/Achievements/ach_cherry100.png","a golden medal badge engraved with a red cherry, achievement trophy, single subject centered, soft plain dark studio gradient background, highly detailed digital painting, game collectible card art, vibrant colors, sharp focus"
"ach_cherry500","ach","업적","cherry500","🍒","체리 중독","🍒체리 누적 500개",,,,,,,"Sprites/Achievements/ach_cherry500.png","an ornate platinum medal overflowing with red cherries, prestige achievement trophy, single subject centered, soft plain dark studio gradient background, highly detailed digital painting, game collectible card art, vibrant colors, sharp focus"
"ach_crown10","ach","업적","crown10","👑","왕관 수집가","👑왕관 누적 10개",,,,,,,"Sprites/Achievements/ach_crown10.png","a golden medal badge engraved with a small crown, achievement trophy, single subject centered, soft plain dark studio gradient background, highly detailed digital painting, game collectible card art, vibrant colors, sharp focus"
"ach_crown30","ach","업적","crown30","👑","대관식","👑왕관 누적 30개",,,,,,,"Sprites/Achievements/ach_crown30.png","a majestic jeweled medal topped with a golden crown, prestige achievement trophy, single subject centered, soft plain dark studio gradient background, highly detailed digital painting, game collectible card art, vibrant colors, sharp focus"
"ach_exact1","ach","업적","exact1","🎯","완벽한 계산","요구 EXP 정확 일치",,,,,,,"Sprites/Achievements/ach_exact1.png","a golden medal badge with a precise dartboard bullseye, achievement trophy, single subject centered, soft plain dark studio gradient background, highly detailed digital painting, game collectible card art, vibrant colors, sharp focus"
"ach_jackpot1","ach","업적","jackpot1","🎰","첫 잭팟","5칸 잭팟 1회",,,,,,,"Sprites/Achievements/ach_jackpot1.png","a golden medal badge with three lucky seven jackpot symbols, achievement trophy, single subject centered, soft plain dark studio gradient background, highly detailed digital painting, game collectible card art, vibrant colors, sharp focus"
"ach_jackpot10","ach","업적","jackpot10","🎰","잭팟 헌터","5칸 잭팟 10회",,,,,,,"Sprites/Achievements/ach_jackpot10.png","a blazing golden medal with rolling jackpot reels and coins bursting, prestige achievement trophy, single subject centered, soft plain dark studio gradient background, highly detailed digital painting, game collectible card art, vibrant colors, sharp focus"
"ach_lastclear5","ach","업적","lastclear5","⏰","벼락치기 천재","마지막 스핀 클리어 5회",,,,,,,"Sprites/Achievements/ach_lastclear5.png","a golden medal badge with a clock at one second to midnight, achievement trophy, single subject centered, soft plain dark studio gradient background, highly detailed digital painting, game collectible card art, vibrant colors, sharp focus"
"ach_prism5","ach","업적","prism5","🌈","규칙 파괴자","프리즘 증강 5회",,,,,,,"Sprites/Achievements/ach_prism5.png","an iridescent rainbow prism medal badge, shimmering achievement trophy, single subject centered, soft plain dark studio gradient background, highly detailed digital painting, game collectible card art, vibrant colors, sharp focus"
"ach_runs20","ach","업적","runs20","🔁","단골","20런 플레이",,,,,,,"Sprites/Achievements/ach_runs20.png","a worn bronze medal badge with a loop repeat arrow, loyal player achievement trophy, single subject centered, soft plain dark studio gradient background, highly detailed digital painting, game collectible card art, vibrant colors, sharp focus"
"ach_score10k","ach","업적","score10k","💯","만점왕","최고 10,000점",,,,,,,"Sprites/Achievements/ach_score10k.png","a golden medal badge with the number 100 percent, achievement trophy, single subject centered, soft plain dark studio gradient background, highly detailed digital painting, game collectible card art, vibrant colors, sharp focus"
"ach_score50k","ach","업적","score50k","🏆","슬롯의 지배자","최고 50,000점",,,,,,,"Sprites/Achievements/ach_score50k.png","a radiant grand champion trophy cup made of gold, prestige achievement trophy, single subject centered, soft plain dark studio gradient background, highly detailed digital painting, game collectible card art, vibrant colors, sharp focus"
"ach_stage10","ach","업적","stage10","🧗","10층 등반","스테이지 10 도달",,,,,,,"Sprites/Achievements/ach_stage10.png","a silver medal badge of a climber reaching a mountain flag, achievement trophy, single subject centered, soft plain dark studio gradient background, highly detailed digital painting, game collectible card art, vibrant colors, sharp focus"
"ach_stage15","ach","업적","stage15","🏔️","최종보스 도달","스테이지 15 도달",,,,,,,"Sprites/Achievements/ach_stage15.png","a platinum medal of a snowy mountain peak summit, prestige achievement trophy, single subject centered, soft plain dark studio gradient background, highly detailed digital painting, game collectible card art, vibrant colors, sharp focus"
"aug_all_in","aug","증강","all_in","🎯","몰아치기","스핀 -1·모든 EXP +45%","GOLD",,,,,,"Sprites/Augments/aug_all_in.png","a single risky chip pushed all-in glowing with high-stakes energy, all-in icon, single subject centered, soft plain dark studio gradient background, highly detailed digital painting, game collectible card art, vibrant colors, sharp focus"
"aug_all_or_nothing","aug","증강","all_or_nothing","☠","해골도박","☠해골 EXP+10·EXP -10%","GOLD",,,,,,"Sprites/Augments/aug_all_or_nothing.png","a glowing skull flipping a coin over a gambling abyss, skull gamble icon, single subject centered, soft plain dark studio gradient background, highly detailed digital painting, game collectible card art, vibrant colors, sharp focus"
"aug_black_diploma","aug","증강","black_diploma","🎓","검은졸업장","저주5+ EXP +60%·점수 +30%·스핀 -1","PRISM",,,,,,"Sprites/Augments/aug_black_diploma.png","a dark obsidian rolled diploma scroll bound with black ribbon emitting eerie purple glow, study magic icon, single subject centered, soft plain dark studio gradient background, highly detailed digital painting, game collectible card art, vibrant colors, sharp focus"
"aug_book_up","aug","증강","book_up","📘","책강화","📘책 EXP +2","SILVER",,,,,,"Sprites/Augments/aug_book_up.png","a thick blue spellbook glowing brighter with magic energy, book enhancement icon, single subject centered, soft plain dark studio gradient background, highly detailed digital painting, game collectible card art, vibrant colors, sharp focus"
"aug_bullseye","aug","증강","bullseye","🎯","정조준2","가운데 칸 EXP 1.8배","GOLD",,,,,,"Sprites/Augments/aug_bullseye.png","a dartboard with a glowing arrow striking the dead-center bull, precise aim icon, single subject centered, soft plain dark studio gradient background, highly detailed digital painting, game collectible card art, vibrant colors, sharp focus"
"aug_center","aug","증강","center","🎯","집중","가운데 칸 EXP 2배","GOLD",,,,,,"Sprites/Augments/aug_center.png","a single central slot tile blazing with a concentrated golden beam, focus icon, single subject centered, soft plain dark studio gradient background, highly detailed digital painting, game collectible card art, vibrant colors, sharp focus"
"aug_chain","aug","증강","chain","🔗","연쇄","붙은 같은 심볼 쌍당 EXP +20","GOLD",,,,,,"Sprites/Augments/aug_chain.png","two adjacent matching tiles linked by a glowing golden chain, chain combo icon, single subject centered, soft plain dark studio gradient background, highly detailed digital painting, game collectible card art, vibrant colors, sharp focus"
"aug_cherry_farm","aug","증강","cherry_farm","🍒","체리농장","🍒체리 EXP +4·등장↑","GOLD",,,,,,"Sprites/Augments/aug_cherry_farm.png","a bountiful basket overflowing with glowing red cherries on a vine, cherry farm icon, single subject centered, soft plain dark studio gradient background, highly detailed digital painting, game collectible card art, vibrant colors, sharp focus"
"aug_cherry_up","aug","증강","cherry_up","🍒","체리강화","🍒체리 EXP +2","SILVER",,,,,,"Sprites/Augments/aug_cherry_up.png","a pair of plump shiny red cherries pulsing with a power-up glow, enhancement icon, single subject centered, soft plain dark studio gradient background, highly detailed digital painting, game collectible card art, vibrant colors, sharp focus"
"aug_cliff_focus","aug","증강","cliff_focus","🧗","벼랑끝집중","EXP가 요구 60% 미만 & 마지막스핀 → 막스핀 EXP +80%","GOLD",,,,,,"Sprites/Augments/aug_cliff_focus.png","a glowing figure of focus clinging to a cliff edge symbol with radiant determination aura, study magic icon, single subject centered, soft plain dark studio gradient background, highly detailed digital painting, game collectible card art, vibrant colors, sharp focus"
"aug_coin_luck","aug","증강","coin_luck","🪙","동전운","코인 +30%","SILVER",,,,,,"Sprites/Augments/aug_coin_luck.png","a stack of gold coins overflowing with a lucky shimmer, coin fortune icon, single subject centered, soft plain dark studio gradient background, highly detailed digital painting, game collectible card art, vibrant colors, sharp focus"
"aug_combo_note","aug","증강","combo_note","🎯","콤보노트","세트 보너스 +20%","SILVER",,,,,,"Sprites/Augments/aug_combo_note.png","a glowing target with a small combo notebook beside it, combo note icon, single subject centered, soft plain dark studio gradient background, highly detailed digital painting, game collectible card art, vibrant colors, sharp focus"
"aug_cram","aug","증강","cram","⏰","벼락치기","첫스핀 -40%·막스핀 +120%","GOLD",,,,,,"Sprites/Augments/aug_cram.png","a stack of books and a ticking clock glowing under last-minute pressure, cramming icon, single subject centered, soft plain dark studio gradient background, highly detailed digital painting, game collectible card art, vibrant colors, sharp focus"
"aug_crammer_tag","aug","증강","crammer_tag","🎓","주입식","학습태그당 EXP+7·책등장↑","GOLD",,,,,,"Sprites/Augments/aug_crammer_tag.png","an overflowing funnel pouring glowing books into a graduation cap, rote learning icon, single subject centered, soft plain dark studio gradient background, highly detailed digital painting, game collectible card art, vibrant colors, sharp focus"
"aug_crown_seek","aug","증강","crown_seek","👑","왕관추종","👑왕관 등장 2배·점수 +30","GOLD",,,,,,"Sprites/Augments/aug_crown_seek.png","a golden crown drawing in floating treasure with a magnetic glow, crown seeker icon, single subject centered, soft plain dark studio gradient background, highly detailed digital painting, game collectible card art, vibrant colors, sharp focus"
"aug_deep_read","aug","증강","deep_read","📕","정독","학습태그(📘) 1개당 EXP +3","SILVER",,,,,,"Sprites/Augments/aug_deep_read.png","a dark red hardcover book open with glowing dense annotated pages, intensive reading icon, single subject centered, soft plain dark studio gradient background, highly detailed digital painting, game collectible card art, vibrant colors, sharp focus"
"aug_diligence","aug","증강","diligence","✍️","꾸준함","스핀마다 EXP +3","SILVER",,,,,,"Sprites/Augments/aug_diligence.png","a steady fountain pen writing endless glowing notes, diligence icon, single subject centered, soft plain dark studio gradient background, highly detailed digital painting, game collectible card art, vibrant colors, sharp focus"
"aug_domino","aug","증강","domino","⛓️","도미노","붙은 같은 심볼 쌍당 EXP +16","GOLD",,,,,,"Sprites/Augments/aug_domino.png","a row of glowing dominoes tumbling in a linked chain reaction, domino icon, single subject centered, soft plain dark studio gradient background, highly detailed digital painting, game collectible card art, vibrant colors, sharp focus"
"aug_early_adapt","aug","증강","early_adapt","🌱","빠른적응","S1~5 EXP +12% (S6+ 무효)","GOLD",,,,,,"Sprites/Augments/aug_early_adapt.png","a glowing green sprout breaking through a tiny open book, soft magical light, study magic icon, single subject centered, soft plain dark studio gradient background, highly detailed digital painting, game collectible card art, vibrant colors, sharp focus"
"aug_early_prep","aug","증강","early_prep","🥚","조기교육","S3 이하 EXP +15% (S6+ 무효)","SILVER",,,,,,"Sprites/Augments/aug_early_prep.png","a glowing golden egg cradled in a small textbook, soft magical light, study magic icon, single subject centered, soft plain dark studio gradient background, highly detailed digital painting, game collectible card art, vibrant colors, sharp focus"
"aug_endgame_rush","aug","증강","endgame_rush","🏁","막판스퍼트","막스핀 EXP 2.4배·첫스핀 -50%","PRISM",,,,,,"Sprites/Augments/aug_endgame_rush.png","a checkered flag waving as a final sprint bursts with speed lines, last spurt icon, single subject centered, soft plain dark studio gradient background, highly detailed digital painting, game collectible card art, vibrant colors, sharp focus"
"aug_evening","aug","증강","evening","🌆","야간자습","마지막 스핀 EXP +30%","SILVER",,,,,,"Sprites/Augments/aug_evening.png","a study lamp glowing over a book against a twilight cityscape, evening study icon, single subject centered, soft plain dark studio gradient background, highly detailed digital painting, game collectible card art, vibrant colors, sharp focus"
"aug_fate_bell","aug","증강","fate_bell","🔔","운명의종","런 1회 부족 15 이하 실패직전 자동 추가스핀 +1","PRISM",,,,,,"Sprites/Augments/aug_fate_bell.png","a glowing golden bell ringing with destiny light and magical sound waves, study magic icon, single subject centered, soft plain dark studio gradient background, highly detailed digital painting, game collectible card art, vibrant colors, sharp focus"
"aug_fate_burst","aug","증강","fate_burst","💫","운명폭발","희귀 2개+ 스핀 EXP +80%·점수 +50% (보스전 70%)","PRISM",,,,,,"Sprites/Augments/aug_fate_burst.png","a brilliant bursting comet of fate energy with radiant cosmic sparkles, study magic icon, single subject centered, soft plain dark studio gradient background, highly detailed digital painting, game collectible card art, vibrant colors, sharp focus"
"aug_focus_fire","aug","증강","focus_fire","🔭","정조준","가운데 칸 EXP 2.5배","GOLD",,,,,,"Sprites/Augments/aug_focus_fire.png","a telescope locking a precise glowing beam onto a center tile, precise aim icon, single subject centered, soft plain dark studio gradient background, highly detailed digital painting, game collectible card art, vibrant colors, sharp focus"
"aug_fortune_check","aug","증강","fortune_check","🔍","운세확인","스테이지 첫스핀 희귀 등장 +20%","SILVER",,,,,,"Sprites/Augments/aug_fortune_check.png","a glowing crystal magnifying glass revealing a starry fortune, magical aura, study magic icon, single subject centered, soft plain dark studio gradient background, highly detailed digital painting, game collectible card art, vibrant colors, sharp focus"
"aug_gamblers_dice","aug","증강","gamblers_dice","🎲","도박주사위","🎲주사위 등장·EXP +15%","PRISM",,,,,,"Sprites/Augments/aug_gamblers_dice.png","a pair of glowing dice rolling onto the reels with lucky sparks, gambler dice icon, single subject centered, soft plain dark studio gradient background, highly detailed digital painting, game collectible card art, vibrant colors, sharp focus"
"aug_gem_buff","aug","증강","gem_buff","💠","보석세공","💎보석 점수 +12","SILVER",,,,,,"Sprites/Augments/aug_gem_buff.png","a faceted blue diamond rhombus refined to dazzling brilliance, gem cutting icon, single subject centered, soft plain dark studio gradient background, highly detailed digital painting, game collectible card art, vibrant colors, sharp focus"
"aug_gem_invest","aug","증강","gem_invest","💎","보석투자","💎보석 점수 +25","GOLD",,,,,,"Sprites/Augments/aug_gem_invest.png","a diamond growing larger atop a rising gold value chart, gem investment icon, single subject centered, soft plain dark studio gradient background, highly detailed digital painting, game collectible card art, vibrant colors, sharp focus"
"aug_gem_polish","aug","증강","gem_polish","💎","보석연마","💎보석 점수 +10","SILVER",,,,,,"Sprites/Augments/aug_gem_polish.png","a sparkling blue diamond being polished to a brilliant shine, gem polishing icon, single subject centered, soft plain dark studio gradient background, highly detailed digital painting, game collectible card art, vibrant colors, sharp focus"
"aug_glass_cannon","aug","증강","glass_cannon","⚡","유리대포","스핀-1·EXP +90%·점수+10%","PRISM",,,,,,"Sprites/Augments/aug_glass_cannon.png","a fragile glowing glass cannon crackling with overcharged lightning, glass cannon icon, single subject centered, soft plain dark studio gradient background, highly detailed digital painting, game collectible card art, vibrant colors, sharp focus"
"aug_great_harvest","aug","증강","great_harvest","🌾","대수확","🌱씨앗 등장·🍒체리 EXP +3","PRISM",,,,,,"Sprites/Augments/aug_great_harvest.png","a golden wheat sheaf bundled with sprouting seeds and red cherries, great harvest icon, single subject centered, soft plain dark studio gradient background, highly detailed digital painting, game collectible card art, vibrant colors, sharp focus"
"aug_greed","aug","증강","greed","🤑","탐욕","모든 EXP +25%","GOLD",,,,,,"Sprites/Augments/aug_greed.png","a grinning money-eyed face surrounded by floating gold coins, greed icon, single subject centered, soft plain dark studio gradient background, highly detailed digital painting, game collectible card art, vibrant colors, sharp focus"
"aug_greed_calc","aug","증강","greed_calc","🤑","탐욕의 계산","모든 EXP +15%","GOLD",,,,,,"Sprites/Augments/aug_greed_calc.png","a golden calculator overflowing with glowing coins and greedy gold sparkles, study magic icon, single subject centered, soft plain dark studio gradient background, highly detailed digital painting, game collectible card art, vibrant colors, sharp focus"
"aug_growth_log","aug","증강","growth_log","📈","성장일지","클리어마다 다음스테이지 첫스핀 EXP +8% (최대5·실패리셋)","SILVER",,,,,,"Sprites/Augments/aug_growth_log.png","a glowing notebook with a rising green arrow growth chart, magical aura, study magic icon, single subject centered, soft plain dark studio gradient background, highly detailed digital painting, game collectible card art, vibrant colors, sharp focus"
"aug_high_roller","aug","증강","high_roller","💠","하이롤러","💎보석 점수+30·EXP -8%","GOLD",,,,,,"Sprites/Augments/aug_high_roller.png","a flashy diamond rhombus on stacked casino chips, high roller icon, single subject centered, soft plain dark studio gradient background, highly detailed digital painting, game collectible card art, vibrant colors, sharp focus"
"aug_honor_student","aug","증강","honor_student","🎓","수재","학습태그(📘) 1개당 EXP +6","GOLD",,,,,,"Sprites/Augments/aug_honor_student.png","a graduation cap atop a glowing diploma and stacked honor books, top student icon, single subject centered, soft plain dark studio gradient background, highly detailed digital painting, game collectible card art, vibrant colors, sharp focus"
"aug_insurance","aug","증강","insurance","❤️","보험","스테이지 스핀 +1","GOLD",,,,,,"Sprites/Augments/aug_insurance.png","a glowing red heart shield granting an extra life token, insurance icon, single subject centered, soft plain dark studio gradient background, highly detailed digital painting, game collectible card art, vibrant colors, sharp focus"
"aug_jackpot","aug","증강","jackpot","🎰","잭팟기계","👑왕관 대량등장·점수 +50","PRISM",,,,,,"Sprites/Augments/aug_jackpot.png","a slot machine erupting with golden crowns and jackpot light, jackpot machine icon, single subject centered, soft plain dark studio gradient background, highly detailed digital painting, game collectible card art, vibrant colors, sharp focus"
"aug_joker","aug","증강","joker","🃏","조커","🌀와일드 대량 등장","PRISM",,,,,,"Sprites/Augments/aug_joker.png","a grinning joker playing card swirling with wild rainbow magic, joker icon, single subject centered, soft plain dark studio gradient background, highly detailed digital painting, game collectible card art, vibrant colors, sharp focus"
"aug_key_master","aug","증강","key_master","🗝","열쇠장인","🗝열쇠 등장·코인 +25%","PRISM",,,,,,"Sprites/Augments/aug_key_master.png","a master craftsman key unlocking a glowing coin vault, key master icon, single subject centered, soft plain dark studio gradient background, highly detailed digital painting, game collectible card art, vibrant colors, sharp focus"
"aug_lapidary","aug","증강","lapidary","💍","세공장인","💎보석 점수 +28","GOLD",,,,,,"Sprites/Augments/aug_lapidary.png","a glowing diamond ring crafted by a master jeweler's precise cut, lapidary icon, single subject centered, soft plain dark studio gradient background, highly detailed digital painting, game collectible card art, vibrant colors, sharp focus"
"aug_late_focus","aug","증강","late_focus","⏳","후반집중","남은스핀 2 이하 EXP +10%","SILVER",,,,,,"Sprites/Augments/aug_late_focus.png","a glowing hourglass with sand running low and concentrated golden light, study magic icon, single subject centered, soft plain dark studio gradient background, highly detailed digital painting, game collectible card art, vibrant colors, sharp focus"
"aug_library","aug","증강","library","📇","도서관","📘책 EXP +4·학습태그 +3","GOLD",,,,,,"Sprites/Augments/aug_library.png","a card catalog drawer overflowing with glowing index cards and books, library icon, single subject centered, soft plain dark studio gradient background, highly detailed digital painting, game collectible card art, vibrant colors, sharp focus"
"aug_luck_accum","aug","증강","luck_accum","🎰","불운적립","희귀 미등장 스핀마다 불운+1 (3+면 다음 희귀↑)","GOLD",,,,,,"Sprites/Augments/aug_luck_accum.png","a glowing slot machine reel charging up with stored lucky energy, magical sparkles, study magic icon, single subject centered, soft plain dark studio gradient background, highly detailed digital painting, game collectible card art, vibrant colors, sharp focus"
"aug_lucky","aug","증강","lucky","🍀","행운부적","희귀심볼 등장 +20%","SILVER",,,,,,"Sprites/Augments/aug_lucky.png","a four-leaf clover amulet attracting rare glowing symbols, lucky charm icon, single subject centered, soft plain dark studio gradient background, highly detailed digital painting, game collectible card art, vibrant colors, sharp focus"
"aug_magnet_up","aug","증강","magnet_up","🧲","자석강화","🧲자석 EXP +3","SILVER",,,,,,"Sprites/Augments/aug_magnet_up.png","a glowing red horseshoe magnet crackling with charged energy, magnet enhancement icon, single subject centered, soft plain dark studio gradient background, highly detailed digital painting, game collectible card art, vibrant colors, sharp focus"
"aug_mega_jackpot","aug","증강","mega_jackpot","🎰","대박기계","👑왕관 대량등장·점수 +40","PRISM",,,,,,"Sprites/Augments/aug_mega_jackpot.png","a slot machine overflowing with a giant cascade of golden crowns, mega jackpot icon, single subject centered, soft plain dark studio gradient background, highly detailed digital painting, game collectible card art, vibrant colors, sharp focus"
"aug_mirror","aug","증강","mirror","🪞","거울대칭","양끝 같은 심볼이면 EXP 1.9배","GOLD",,,,,,"Sprites/Augments/aug_mirror.png","an ornate hand mirror reflecting two glowing matched symbols, mirror symmetry icon, single subject centered, soft plain dark studio gradient background, highly detailed digital painting, game collectible card art, vibrant colors, sharp focus"
"aug_morning","aug","증강","morning","🌅","아침예습","첫 스핀 EXP +30%","SILVER",,,,,,"Sprites/Augments/aug_morning.png","a glowing textbook under a radiant sunrise over the horizon, morning study icon, single subject centered, soft plain dark studio gradient background, highly detailed digital painting, game collectible card art, vibrant colors, sharp focus"
"aug_necromancer","aug","증강","necromancer","💀","강령술사","☠해골이 EXP +8","GOLD",,,,,,"Sprites/Augments/aug_necromancer.png","a glowing white skull wreathed in eerie green necromantic flames, necromancer icon, single subject centered, soft plain dark studio gradient background, highly detailed digital painting, game collectible card art, vibrant colors, sharp focus"
"aug_note_take","aug","증강","note_take","📝","필기","스핀마다 EXP +5","SILVER",,,,,,"Sprites/Augments/aug_note_take.png","a glowing notepad with a pencil scribbling rapid bright notes, note taking icon, single subject centered, soft plain dark studio gradient background, highly detailed digital painting, game collectible card art, vibrant colors, sharp focus"
"aug_overdrive","aug","증강","overdrive","⚡","과부하","모든 EXP +60%","PRISM",,,,,,"Sprites/Augments/aug_overdrive.png","a crackling lightning bolt overloading a slot reel with raw energy, overdrive icon, single subject centered, soft plain dark studio gradient background, highly detailed digital painting, game collectible card art, vibrant colors, sharp focus"
"aug_overheat_formula","aug","증강","overheat_formula","♨️","과열 공식","모든 EXP +14%","GOLD",,,,,,"Sprites/Augments/aug_overheat_formula.png","a glowing chalkboard formula radiating red heat waves and steam, study magic icon, single subject centered, soft plain dark studio gradient background, highly detailed digital painting, game collectible card art, vibrant colors, sharp focus"
"aug_pair_match","aug","증강","pair_match","👯","짝맞추기","같은심볼 2세트면 세트 보너스 +20%","SILVER",,,,,,"Sprites/Augments/aug_pair_match.png","two glowing matching gemstone pairs linked by sparkling light, study magic icon, single subject centered, soft plain dark studio gradient background, highly detailed digital painting, game collectible card art, vibrant colors, sharp focus"
"aug_perfect_shape","aug","증강","perfect_shape","💠","완벽한모양","양끝 같고 가운데 같은계열 EXP +120% (와일드충족 70%)","PRISM",,,,,,"Sprites/Augments/aug_perfect_shape.png","a flawless glowing crystal diamond with perfect symmetry and radiant aura, study magic icon, single subject centered, soft plain dark studio gradient background, highly detailed digital painting, game collectible card art, vibrant colors, sharp focus"
"aug_polish_work","aug","증강","polish_work","✨","광택 작업","💎보석 점수 +25","GOLD",,,,,,"Sprites/Augments/aug_polish_work.png","a sparkling polished gemstone with radiant shine and buffing cloth, study magic icon, single subject centered, soft plain dark studio gradient background, highly detailed digital painting, game collectible card art, vibrant colors, sharp focus"
"aug_polymath","aug","증강","polymath","🧠","박식","모든 EXP +20%","GOLD",,,,,,"Sprites/Augments/aug_polymath.png","a glowing brain crowned with floating symbols of many subjects, polymath icon, single subject centered, soft plain dark studio gradient background, highly detailed digital painting, game collectible card art, vibrant colors, sharp focus"
"aug_preview","aug","증강","preview","🔍","예습","첫 스핀 EXP +25%","SILVER",,,,,,"Sprites/Augments/aug_preview.png","a magnifying glass scanning a fresh textbook page with a bright morning glow, preview icon, single subject centered, soft plain dark studio gradient background, highly detailed digital painting, game collectible card art, vibrant colors, sharp focus"
"aug_puzzle_sense","aug","증강","puzzle_sense","🧩","퍼즐감각","세트3+ EXP +25%·세트4+ 점수 +20%","GOLD",,,,,,"Sprites/Augments/aug_puzzle_sense.png","a glowing interlocking jigsaw puzzle piece radiating magical insight light, study magic icon, single subject centered, soft plain dark studio gradient background, highly detailed digital painting, game collectible card art, vibrant colors, sharp focus"
"aug_red_safetynet","aug","증강","red_safetynet","🥅","붉은 안전망","🍒체리 EXP +2","SILVER",,,,,,"Sprites/Augments/aug_red_safetynet.png","a red woven safety net catching glowing cherries, study magic icon, single subject centered, soft plain dark studio gradient background, highly detailed digital painting, game collectible card art, vibrant colors, sharp focus"
"aug_review","aug","증강","review","📖","복습","마지막 스핀 EXP +25%","SILVER",,,,,,"Sprites/Augments/aug_review.png","an open book with a sunset bookmark and lingering golden afterglow, review icon, single subject centered, soft plain dark studio gradient background, highly detailed digital painting, game collectible card art, vibrant colors, sharp focus"
"aug_rich_richer","aug","증강","rich_richer","🤑","부익부","코인+60%·클코인+3·EXP-5%","PRISM",,,,,,"Sprites/Augments/aug_rich_richer.png","an avalanche of gold coins cascading into a giant money pile, getting richer icon, single subject centered, soft plain dark studio gradient background, highly detailed digital painting, game collectible card art, vibrant colors, sharp focus"
"aug_royal_decree","aug","증강","royal_decree","📜","왕명","👑왕관 등장↑·점수 +20","GOLD",,,,,,"Sprites/Augments/aug_royal_decree.png","an unfurled royal scroll sealed with a glowing golden crown stamp, royal decree icon, single subject centered, soft plain dark studio gradient background, highly detailed digital painting, game collectible card art, vibrant colors, sharp focus"
"aug_sacrifice","aug","증강","sacrifice","🩸","희생","저주1개당 EXP +6%·클리어코인 -1","GOLD",,,,,,"Sprites/Augments/aug_sacrifice.png","a glowing crimson blood drop transforming into radiant magical energy, study magic icon, single subject centered, soft plain dark studio gradient background, highly detailed digital painting, game collectible card art, vibrant colors, sharp focus"
"aug_seed_garden","aug","증강","seed_garden","🌱","씨앗정원","🌱씨앗 등장(다음스핀 성장)","PRISM",,,,,,"Sprites/Augments/aug_seed_garden.png","a glowing green seed sprouting future growth over fertile soil, seed garden icon, single subject centered, soft plain dark studio gradient background, highly detailed digital painting, game collectible card art, vibrant colors, sharp focus"
"aug_set_sense","aug","증강","set_sense","🎯","콤보감각","세트 보너스 +30%","SILVER",,,,,,"Sprites/Augments/aug_set_sense.png","a glowing target dartboard with linked combo lines, combo intuition icon, single subject centered, soft plain dark studio gradient background, highly detailed digital painting, game collectible card art, vibrant colors, sharp focus"
"aug_short_day","aug","증강","short_day","🏃","조기퇴근","스핀 -2 · 모든 EXP +120%","PRISM",,,,,,"Sprites/Augments/aug_short_day.png","a running figure leaving work early under a setting sun burst, early leave icon, single subject centered, soft plain dark studio gradient background, highly detailed digital painting, game collectible card art, vibrant colors, sharp focus"
"aug_skull_study","aug","증강","skull_study","☠","해골학","☠해골이 EXP +6","GOLD",,,,,,"Sprites/Augments/aug_skull_study.png","a glowing skull wearing tiny round study glasses over a book, skull scholar icon, single subject centered, soft plain dark studio gradient background, highly detailed digital painting, game collectible card art, vibrant colors, sharp focus"
"aug_skull_watch","aug","증강","skull_watch","👁️","해골관찰","☠1개당 EXP +2·☠3+ 스핀 점수 -10%","SILVER",,,,,,"Sprites/Augments/aug_skull_watch.png","a glowing mystical eye observing a small dark skull, faint magical aura, study magic icon, single subject centered, soft plain dark studio gradient background, highly detailed digital painting, game collectible card art, vibrant colors, sharp focus"
"aug_snowball","aug","증강","snowball","❄️","눈덩이","남은스핀2+ 클리어시 다음 EXP +12% (최대4·보스후 -1)","PRISM",,,,,,"Sprites/Augments/aug_snowball.png","a glowing blue snowball rolling and growing larger, frosty magical sparkles, study magic icon, single subject centered, soft plain dark studio gradient background, highly detailed digital painting, game collectible card art, vibrant colors, sharp focus"
"aug_star_up","aug","증강","star_up","⭐","별강화","⭐별 EXP +2","SILVER",,,,,,"Sprites/Augments/aug_star_up.png","a brilliant golden five-point star charged with extra radiance, star enhancement icon, single subject centered, soft plain dark studio gradient background, highly detailed digital painting, game collectible card art, vibrant colors, sharp focus"
"aug_star_up2","aug","증강","star_up2","🌟","별관측","⭐별 EXP +3","SILVER",,,,,,"Sprites/Augments/aug_star_up2.png","a shimmering glittering star observed through a faint telescope glow, star observation icon, single subject centered, soft plain dark studio gradient background, highly detailed digital painting, game collectible card art, vibrant colors, sharp focus"
"aug_study","aug","증강","study","📚","기초학습","모든 EXP +10%","SILVER",,,,,,"Sprites/Augments/aug_study.png","a glowing open textbook radiating golden experience aura, study magic icon, single subject centered, soft plain dark studio gradient background, highly detailed digital painting, game collectible card art, vibrant colors, sharp focus"
"aug_study_tag","aug","증강","study_tag","🎓","학구열","학습태그(📘) 1개당 EXP +4","SILVER",,,,,,"Sprites/Augments/aug_study_tag.png","a graduation tassel cap glowing over stacked study books, academic passion icon, single subject centered, soft plain dark studio gradient background, highly detailed digital painting, game collectible card art, vibrant colors, sharp focus"
"aug_supernova","aug","증강","supernova","💥","초신성","모든 EXP +70%","PRISM",,,,,,"Sprites/Augments/aug_supernova.png","a blinding exploding star bursting with brilliant cosmic energy, supernova icon, single subject centered, soft plain dark studio gradient background, highly detailed digital painting, game collectible card art, vibrant colors, sharp focus"
"aug_symmetry","aug","증강","symmetry","↔️","대칭미학","양끝맞춤 EXP 2.2배·인접쌍+12","GOLD",,,,,,"Sprites/Augments/aug_symmetry.png","a perfectly balanced mirrored emblem with elegant glowing wings, symmetry icon, single subject centered, soft plain dark studio gradient background, highly detailed digital painting, game collectible card art, vibrant colors, sharp focus"
"aug_time_warp","aug","증강","time_warp","⏳","시간왜곡","스핀 +1·모든 EXP +20%","PRISM",,,,,,"Sprites/Augments/aug_time_warp.png","a glowing hourglass bending time with a swirling temporal vortex, time warp icon, single subject centered, soft plain dark studio gradient background, highly detailed digital painting, game collectible card art, vibrant colors, sharp focus"
"aug_twins","aug","증강","twins","↔️","양끝맞춤","양끝 같은 심볼이면 EXP 2배","GOLD",,,,,,"Sprites/Augments/aug_twins.png","two identical mirrored symbol tiles glowing in perfect symmetry, matched ends icon, single subject centered, soft plain dark studio gradient background, highly detailed digital painting, game collectible card art, vibrant colors, sharp focus"
"aug_wild_world","aug","증강","wild_world","🌀","와일드세계","🌀와일드 등장(세트 합류)","PRISM",,,,,,"Sprites/Augments/aug_wild_world.png","a swirling rainbow wild vortex symbol warping the reels, wild world icon, single subject centered, soft plain dark studio gradient background, highly detailed digital painting, game collectible card art, vibrant colors, sharp focus"
"char_alchemist","char","캐릭터","alchemist","⚗️","연금술사","코인+25%·클리어코인+3",,,,,,,"Sprites/Characters/char_alchemist.png","a quirky alchemist kid pouring a glowing potion that turns into gold coins, chibi cute game character, single subject centered, soft plain dark studio gradient background, highly detailed digital painting, game collectible card art, vibrant colors, sharp focus"
"char_crowncol","char","캐릭터","crowncol","👑","왕관수집가","👑왕관 점수+30·등장↑",,,,,,,"Sprites/Characters/char_crowncol.png","a regal collector kid surrounded by floating golden crowns, chibi cute game character, single subject centered, soft plain dark studio gradient background, highly detailed digital painting, game collectible card art, vibrant colors, sharp focus"
"char_cultist","char","캐릭터","cultist","💀","해골숭배자","☠해골 EXP+3·저주당 점수+8%",,,,,,,"Sprites/Characters/char_cultist.png","a spooky hooded skull cultist with glowing purple eyes holding a bone, chibi cute dark game character, single subject centered, soft plain dark studio gradient background, highly detailed digital painting, game collectible card art, vibrant colors, sharp focus"
"char_daredevil","char","캐릭터","daredevil","😈","무모한도전","모든 EXP+10%·요구치+20% · 남은≤2 EXP+35%·막스핀 +60% (막판형)",,,,,,,"Sprites/Characters/char_daredevil.png","a reckless grinning kid with tiny devil horns riding a rocket, mischievous, chibi cute game character, single subject centered, soft plain dark studio gradient background, highly detailed digital painting, game collectible card art, vibrant colors, sharp focus"
"char_farmer","char","캐릭터","farmer","🍒","체리농부","🍒체리+1·희귀↓ (안정)",,,,,,,"Sprites/Characters/char_farmer.png","a cheerful farmer kid holding a basket overflowing with shiny red cherries, chibi cute game character, single subject centered, soft plain dark studio gradient background, highly detailed digital painting, game collectible card art, vibrant colors, sharp focus"
"char_gambler","char","캐릭터","gambler","🎲","도박꾼","점수보정 ×1.1 · 스테이지당 1회 무료 재굴림",,,,,,,"Sprites/Characters/char_gambler.png","a cocky young gambler tossing dice with a sly grin and playing cards, chibi cute game character, single subject centered, soft plain dark studio gradient background, highly detailed digital painting, game collectible card art, vibrant colors, sharp focus"
"char_highroller","char","캐릭터","highroller","💠","큰손","💎보석 점수+25·시작코인+12",,,,,,,"Sprites/Characters/char_highroller.png","a flashy high roller in a sharp suit holding stacks of casino chips and a big diamond, chibi cute game character, single subject centered, soft plain dark studio gradient background, highly detailed digital painting, game collectible card art, vibrant colors, sharp focus"
"char_honor","char","캐릭터","honor","🎓","수석졸업생","실버 증강 1개로 시작",,,,,,,"Sprites/Characters/char_honor.png","a proud top graduate in cap and gown holding a golden diploma with radiant aura, chibi cute game character, single subject centered, soft plain dark studio gradient background, highly detailed digital painting, game collectible card art, vibrant colors, sharp focus"
"char_jeweler","char","캐릭터","jeweler","💎","보석상","💎보석 점수+25·점수보정 ×1.1",,,,,,,"Sprites/Characters/char_jeweler.png","an elegant jeweler with a monocle holding up a sparkling blue diamond, chibi cute game character, single subject centered, soft plain dark studio gradient background, highly detailed digital painting, game collectible card art, vibrant colors, sharp focus"
"char_lucky","char","캐릭터","lucky","🍀","행운아","희귀심볼 등장+25% (한방)",,,,,,,"Sprites/Characters/char_lucky.png","a lucky kid surrounded by glowing four-leaf clovers and golden sparkles, cheerful, chibi cute game character, single subject centered, soft plain dark studio gradient background, highly detailed digital painting, game collectible card art, vibrant colors, sharp focus"
"char_minimalist","char","캐릭터","minimalist","🍃","미니멀리스트","유물 3개 이하면 EXP +25%",,,,,,,"Sprites/Characters/char_minimalist.png","a calm minimalist monk-like student holding a single green leaf, clean simple, chibi cute game character, single subject centered, soft plain dark studio gradient background, highly detailed digital painting, game collectible card art, vibrant colors, sharp focus"
"char_monk","char","캐릭터","monk","🧘","수도승","스핀-1·요구치-10% (속전속결)",,,,,,,"Sprites/Characters/char_monk.png","a serene meditating monk student floating cross-legged with a calm glowing aura, chibi cute game character, single subject centered, soft plain dark studio gradient background, highly detailed digital painting, game collectible card art, vibrant colors, sharp focus"
"char_novice","char","캐릭터","novice","🎒","초보학생","요구치↓·점수보정 ×0.9 (입문)",,,,,,,"Sprites/Characters/char_novice.png","a nervous rookie student in a school uniform pulling a tiny slot machine lever, chibi cute game character, single subject centered, soft plain dark studio gradient background, highly detailed digital painting, game collectible card art, vibrant colors, sharp focus"
"char_parttime","char","캐릭터","parttime","🪙","알바생","시작코인+15·첫스핀 -20%",,,,,,,"Sprites/Characters/char_parttime.png","a tired part-time worker student with a cashier apron full of coins, chibi cute game character, single subject centered, soft plain dark studio gradient background, highly detailed digital painting, game collectible card art, vibrant colors, sharp focus"
"char_prodigy","char","캐릭터","prodigy","🌟","천재","모든 EXP+12%·점수보정 ×0.95",,,,,,,"Sprites/Characters/char_prodigy.png","a brilliant young prodigy with a glowing star halo and floating math equations, chibi cute game character, single subject centered, soft plain dark studio gradient background, highly detailed digital painting, game collectible card art, vibrant colors, sharp focus"
"char_scholar","char","캐릭터","scholar","📗","장학생","📘책+2·클리어코인+2",,,,,,,"Sprites/Characters/char_scholar.png","a diligent honor student with round glasses hugging a thick textbook, chibi cute game character, single subject centered, soft plain dark studio gradient background, highly detailed digital painting, game collectible card art, vibrant colors, sharp focus"
"cur_blackout","cur","저주","blackout","🌑","정전","해골↑·해골 EXP+6 / 희귀등장+30%","GOLD",,,,,,"Sprites/Curses/cur_blackout.png","a dead black light bulb shrouded in total darkness with faint eerie glow, curse icon, single subject centered, soft plain dark studio gradient background, highly detailed digital painting, game collectible card art, vibrant colors, sharp focus"
"cur_cursed_skulls","cur","저주","cursed_skulls","☠","저주받은패","해골↑·EXP-4 / 해골 EXP+8","GOLD",,,,,,"Sprites/Curses/cur_cursed_skulls.png","a stack of cursed playing cards bound by chains with a glowing skull, dark purple haunted aura, curse icon, single subject centered, soft plain dark studio gradient background, highly detailed digital painting, game collectible card art, vibrant colors, sharp focus"
"cur_diploma_pressure","cur","저주","diploma_pressure","🎓","학위압박","요구치+12% / 학습·책 강화","GOLD",,,,,,"Sprites/Curses/cur_diploma_pressure.png","a black graduation cap crushed under a heavy dark chain with ominous red glow, curse icon, single subject centered, soft plain dark studio gradient background, highly detailed digital painting, game collectible card art, vibrant colors, sharp focus"
"cur_exam_week","cur","저주","exam_week","📅","시험기간","요구치+12% / 클리어점수+25%","GOLD",,,,,,"Sprites/Curses/cur_exam_week.png","a haunted black calendar page bleeding dark shadow with sinister crimson marks, curse icon, single subject centered, soft plain dark studio gradient background, highly detailed digital painting, game collectible card art, vibrant colors, sharp focus"
"cur_frugal_vow","cur","저주","frugal_vow","🪙","청빈서약","코인-40% / 요구치-12%","GOLD",,,,,,"Sprites/Curses/cur_frugal_vow.png","a single tarnished coin sealed inside a dark vow ribbon, faint cursed shadow aura, curse icon, single subject centered, soft plain dark studio gradient background, highly detailed digital painting, game collectible card art, vibrant colors, sharp focus"
"cur_gem_obsession","cur","저주","gem_obsession","💎","보석집착","체리·책↓ / 보석 점수+35","GOLD",,,,,,"Sprites/Curses/cur_gem_obsession.png","a glowing dark amethyst gemstone wrapped in grasping shadowy tendrils, ominous purple aura, curse icon, single subject centered, soft plain dark studio gradient background, highly detailed digital painting, game collectible card art, vibrant colors, sharp focus"
"cur_hard_exam","cur","저주","hard_exam","📝","어려운시험","요구치+10% / 클리어점수+20%","GOLD",,,,,,"Sprites/Curses/cur_hard_exam.png","a dark scroll of a difficult exam paper sealed with a sinister red wax stamp and ominous shadowy aura, curse icon, single subject centered, soft plain dark studio gradient background, highly detailed digital painting, game collectible card art, vibrant colors, sharp focus"
"cur_hex_allornothing","cur","저주","hex_allornothing","⚡","일발역전","세트-50% / 양끝맞춤 2배","GOLD",,,,,,"Sprites/Curses/cur_hex_allornothing.png","a jagged black lightning bolt crackling with menacing violet hex energy, dark ominous aura, curse icon, single subject centered, soft plain dark studio gradient background, highly detailed digital painting, game collectible card art, vibrant colors, sharp focus"
"cur_high_stakes","cur","저주","high_stakes","🎲","한탕주의","요구치+8% / 희귀등장+50%","GOLD",,,,,,"Sprites/Curses/cur_high_stakes.png","a pair of ominous black dice burning with eerie red flames, dark gambling aura, curse icon, single subject centered, soft plain dark studio gradient background, highly detailed digital painting, game collectible card art, vibrant colors, sharp focus"
"cur_late_bloomer","cur","저주","late_bloomer","🌙","늦깎이","첫스핀-50% / 막스핀+80%","GOLD",,,,,,"Sprites/Curses/cur_late_bloomer.png","a sinister black crescent moon with a withered wilting flower beneath dark fog, curse icon, single subject centered, soft plain dark studio gradient background, highly detailed digital painting, game collectible card art, vibrant colors, sharp focus"
"cur_pop_quiz","cur","저주","pop_quiz","❓","쪽지시험","스핀-1 / 희귀등장+40%","GOLD",,,,,,"Sprites/Curses/cur_pop_quiz.png","a glowing ominous dark question mark orb crackling with menacing shadow energy, curse icon, single subject centered, soft plain dark studio gradient background, highly detailed digital painting, game collectible card art, vibrant colors, sharp focus"
"cur_sleep_debt","cur","저주","sleep_debt","😴","수면부족","스핀당 EXP-5 / 세트+40%","GOLD",,,,,,"Sprites/Curses/cur_sleep_debt.png","a drooping cursed pillow shrouded in heavy dark drowsy fog and shadow, curse icon, single subject centered, soft plain dark studio gradient background, highly detailed digital painting, game collectible card art, vibrant colors, sharp focus"
"cur_speed_test","cur","저주","speed_test","⏱️","속성평가","스핀-1 / 요구치-22%","GOLD",,,,,,"Sprites/Curses/cur_speed_test.png","a cracked black stopwatch leaking dark smoke with menacing red glow, curse icon, single subject centered, soft plain dark studio gradient background, highly detailed digital painting, game collectible card art, vibrant colors, sharp focus"
"cur_student_debt","cur","저주","student_debt","💸","학자금","코인-50% / 스핀마다 EXP+6","GOLD",,,,,,"Sprites/Curses/cur_student_debt.png","a cursed empty leather coin pouch draining dark smoke with sinister red glow, curse icon, single subject centered, soft plain dark studio gradient background, highly detailed digital painting, game collectible card art, vibrant colors, sharp focus"
"cur_thorny_path","cur","저주","thorny_path","🌵","가시밭길","해골↑·EXP↓ / 클리어 코인+","GOLD",,,,,,"Sprites/Curses/cur_thorny_path.png","a winding dark path overgrown with cursed black thorny vines and dripping shadow, curse icon, single subject centered, soft plain dark studio gradient background, highly detailed digital painting, game collectible card art, vibrant colors, sharp focus"
"cur_tunnel_vision","cur","저주","tunnel_vision","🎯","외골수","양끝·첫스핀↓ / 가운데 2배","GOLD",,,,,,"Sprites/Curses/cur_tunnel_vision.png","a dark archery target with a single piercing arrow at center surrounded by shadowy tunnel, ominous aura, curse icon, single subject centered, soft plain dark studio gradient background, highly detailed digital painting, game collectible card art, vibrant colors, sharp focus"
"dev_bell","dev","장치","dev_bell","🔔","비상졸업벨","부족 EXP ≤25면 즉시 클리어 (1회 파괴)",,,,,"INSTANT","비상","Sprites/Devices/dev_bell.png","a red emergency alarm bell labeled graduation, ringing with alert glow, gadget device, single subject centered, soft plain dark studio gradient background, highly detailed digital painting, game collectible card art, vibrant colors, sharp focus"
"dev_coin","dev","장치","dev_coin","🪙","코인투입구","코인5 소모 → 다음 스핀 EXP +30%",,,,,"ARMED","투입","Sprites/Devices/dev_coin.png","a shiny coin insertion slot device with golden coins dropping in, gadget device, single subject centered, soft plain dark studio gradient background, highly detailed digital painting, game collectible card art, vibrant colors, sharp focus"
"dev_copy","dev","장치","dev_copy","📑","복사기","직전 결과 N번 칸을 옆칸에 복사 (EXP -10% · 5🪙, 예: 복사 3)",,,,,"MANIP","복사","Sprites/Devices/dev_copy.png","a magic copy stamp duplicating a glowing slot symbol tile, gadget device, single subject centered, soft plain dark studio gradient background, highly detailed digital painting, game collectible card art, vibrant colors, sharp focus"
"dev_flame","dev","장치","dev_flame","🔥","불꽃엔진","장착 시 모든 스핀 EXP +15%",,,,,"PASSIVE",,"Sprites/Devices/dev_flame.png","a brass flip lighter shooting a bright flame spark, gadget device, single subject centered, soft plain dark studio gradient background, highly detailed digital painting, game collectible card art, vibrant colors, sharp focus"
"dev_holdfile","dev","장치","dev_holdfile","🗂️","보류파일","증강 선택 후보 1개를 보관 → 다음 증강 노드에서 새 후보와 함께 비교(보류 N)",,,,,"ARMED","보류",,
"dev_major","dev","장치","dev_major","🎓","전공신청서","장착 시 주력 계열 증강 등장확률 소폭↑(직접 파워↑ 아님·메인슬롯 전용)",,,,,"PASSIVE",,,
"dev_oracle","dev","장치","dev_oracle","🔮","예언안경","다음 스핀을 미리 보고 확정",,,,,"PEEK","예언","Sprites/Devices/dev_oracle.png","a pair of mystic crystal oracle glasses revealing glowing future symbols, purple magic, gadget device, single subject centered, soft plain dark studio gradient background, highly detailed digital painting, game collectible card art, vibrant colors, sharp focus"
"dev_overheat","dev","장치","dev_overheat","♨️","과열코어","장착 시 모든 스핀 EXP +18%·☠해골 +1 등장(고위험)",,,,,"PASSIVE",,"Sprites/Devices/dev_overheat.png","an overheating glowing red hot pressure button with steam and warning aura, gadget device, single subject centered, soft plain dark studio gradient background, highly detailed digital painting, game collectible card art, vibrant colors, sharp focus"
"dev_pin","dev","장치","dev_pin","📌","고정핀","직전 결과 N번 칸 유지·나머지 재굴림 (EXP -10% · 3🪙, 예: 고정 3)",,,,,"MANIP","고정","Sprites/Devices/dev_pin.png","a red push pin pinning down a single glowing slot symbol tile, gadget device, single subject centered, soft plain dark studio gradient background, highly detailed digital painting, game collectible card art, vibrant colors, sharp focus"
"dev_reroll","dev","장치","dev_reroll","🔄","재굴림기","직전 스핀 결과 다시 굴림 (EXP -10% · 3🪙)",,,,,"MANIP","재굴림","Sprites/Devices/dev_reroll.png","a circular reroll refresh arrow device wrapped around spinning slot reels, gadget device, single subject centered, soft plain dark studio gradient background, highly detailed digital painting, game collectible card art, vibrant colors, sharp focus"
"dev_retake","dev","장치","dev_retake","🔁","재시험관","증강 선택지를 코인 소모로 1회 다시 뽑기(스테이지당 1회)",,,,,"ARMED","재추첨",,
"dev_safe","dev","장치","dev_safe","🦺","안전벨트","장착 시 모든 스핀 최소 EXP 보장(폭망 방지)",,,,,"PASSIVE",,"Sprites/Devices/dev_safe.png","a bright yellow safety seatbelt buckle device with a protective glow, gadget device, single subject centered, soft plain dark studio gradient background, highly detailed digital painting, game collectible card art, vibrant colors, sharp focus"
"dev_seal","dev","장치","dev_seal","🔒","봉인장막","장착 시 모든 스핀 ☠해골 미등장 · EXP +5%",,,,,"PASSIVE",,"Sprites/Devices/dev_seal.png","a glowing magic seal switch button with a protective blue rune, gadget device, single subject centered, soft plain dark studio gradient background, highly detailed digital painting, game collectible card art, vibrant colors, sharp focus"
"dev_subreel","dev","장치","dev_subreel","➕","보조릴","장착 시 항상 6칸 슬롯 · 최종 EXP -30%",,,,,"PASSIVE",,"Sprites/Devices/dev_subreel.png","a slot machine with an extra bonus reel sliding in and a glowing plus sign, gadget device, single subject centered, soft plain dark studio gradient background, highly detailed digital painting, game collectible card art, vibrant colors, sharp focus"
"dev_swap","dev","장치","dev_swap","🔃","교체기","직전 결과 N번 칸을 최다 심볼로 교체 (EXP -10% · 5🪙, 예: 교체 2)",,,,,"MANIP","교체","Sprites/Devices/dev_swap.png","two curved swap arrows exchanging two glowing slot symbol tiles with sparkles, gadget device, single subject centered, soft plain dark studio gradient background, highly detailed digital painting, game collectible card art, vibrant colors, sharp focus"
"dev_syllabus","dev","장치","dev_syllabus","📋","강의계획서","장착 시 증강/유물 선택에 '예상 티어' 사전 안내(파워 변화 없음·정보형)",,,,,"PEEK",,,
"item_adrenaline","item","아이템","adrenaline","💉","아드레날린","다음 스핀 EXP 3배",,,"30","NEXTSPIN",,,"Sprites/Items/item_adrenaline.png","a glowing adrenaline syringe injecting a triple-power surge, power-up item icon, single subject centered, soft plain dark studio gradient background, highly detailed digital painting, game collectible card art, vibrant colors, sharp focus"
"item_allnight_note","item","아이템","allnight_note","🌙","밤샘노트","이번 스테이지 📘책 1.8배·EXP+12",,,"16","PHASE",,,"Sprites/Items/item_allnight_note.png","a notebook lit by a crescent moon and small candle for all-night study, power-up item icon, single subject centered, soft plain dark studio gradient background, highly detailed digital painting, game collectible card art, vibrant colors, sharp focus"
"item_answer_sheet","item","아이템","answer_sheet","📝","족보","즉시 게이지 +요구치 50%",,,"40","INSTANT",,,"Sprites/Items/item_answer_sheet.png","a glowing exam answer sheet filled with correct marks, power-up item icon, single subject centered, soft plain dark studio gradient background, highly detailed digital painting, game collectible card art, vibrant colors, sharp focus"
"item_black_candle_i","item","아이템","black_candle_i","🕯️","검은양초","이번 스테이지 ☠해골 2배·EXP 1.3배",,,"14","PHASE",,,"Sprites/Items/item_black_candle_i.png","a dark black candle burning with an eerie purple flame, power-up item icon, single subject centered, soft plain dark studio gradient background, highly detailed digital painting, game collectible card art, vibrant colors, sharp focus"
"item_black_lottery","item","아이템","black_lottery","🎫","검은복권","50% 골드유물 / 50% 저주 1개",,,"18","INSTANT",,,"Sprites/Items/item_black_lottery.png","a sinister dark scratch lottery ticket glowing with risky purple aura, power-up item icon, single subject centered, soft plain dark studio gradient background, highly detailed digital painting, game collectible card art, vibrant colors, sharp focus"
"item_book_copy","item","아이템","book_copy","📄","족보사본","이번 스테이지 📘책 2배·EXP+8",,,"12","PHASE",,,"Sprites/Items/item_book_copy.png","a photocopied study sheet sliding out of a blue book, power-up item icon, single subject centered, soft plain dark studio gradient background, highly detailed digital painting, game collectible card art, vibrant colors, sharp focus"
"item_bookmark2","item","아이템","bookmark2","🔖","책갈피","다음 스핀 📘책 확률 ↑",,,"5","NEXTSPIN",,,"Sprites/Items/item_bookmark2.png","an ornate ribbon bookmark with a tassel tucked in a blue book page, power-up item icon, single subject centered, soft plain dark studio gradient background, highly detailed digital painting, game collectible card art, vibrant colors, sharp focus"
"item_broken_prism","item","아이템","broken_prism","🔮","깨진프리즘","이번 스테이지 랜덤 프리즘 증강효과 1개",,,"22","INSTANT",,,"Sprites/Items/item_broken_prism.png","a cracked crystal prism scattering fractured rainbow light, power-up item icon, single subject centered, soft plain dark studio gradient background, highly detailed digital painting, game collectible card art, vibrant colors, sharp focus"
"item_cheat_sheet","item","아이템","cheat_sheet","📋","커닝페이퍼","즉시 게이지 +요구치 30%",,,"20","INSTANT",,,"Sprites/Items/item_cheat_sheet.png","a tiny folded cheat sheet covered in glowing secret notes, power-up item icon, single subject centered, soft plain dark studio gradient background, highly detailed digital painting, game collectible card art, vibrant colors, sharp focus"
"item_cherry_basket","item","아이템","cherry_basket","🧺","체리바구니","다음 스핀 🍒체리 대량 등장",,,"7","NEXTSPIN",,,"Sprites/Items/item_cherry_basket.png","a woven wicker basket overflowing with bright ripe red cherries, power-up item icon, single subject centered, soft plain dark studio gradient background, highly detailed digital painting, game collectible card art, vibrant colors, sharp focus"
"item_cherry_cracker","item","아이템","cherry_cracker","🧨","체리폭죽","이번 스테이지 🍒체리 2배·점수+20%",,,"14","PHASE",,,"Sprites/Items/item_cherry_cracker.png","a festive firecracker bundle exploding with red cherries and sparks, power-up item icon, single subject centered, soft plain dark studio gradient background, highly detailed digital painting, game collectible card art, vibrant colors, sharp focus"
"item_cherry_juice","item","아이템","cherry_juice","🧃","체리주스","다음 스핀 🍒체리 확률 ↑",,,"5","NEXTSPIN",,,"Sprites/Items/item_cherry_juice.png","a small carton of red cherry juice with a straw, dripping ripe cherry, power-up item icon, single subject centered, soft plain dark studio gradient background, highly detailed digital painting, game collectible card art, vibrant colors, sharp focus"
"item_coin_magnet","item","아이템","coin_magnet","🧲","코인자석","이번 스테이지 코인 2배·클리어코인+8",,,"14","PHASE",,,"Sprites/Items/item_coin_magnet.png","a red horseshoe magnet pulling in a stream of gold coins, power-up item icon, single subject centered, soft plain dark studio gradient background, highly detailed digital painting, game collectible card art, vibrant colors, sharp focus"
"item_coin_press","item","아이템","coin_press","🪙","주화압인","이번 스테이지 코인 3배",,,"16","PHASE",,,"Sprites/Items/item_coin_press.png","a coin-stamping press machine minting fresh glowing gold coins, power-up item icon, single subject centered, soft plain dark studio gradient background, highly detailed digital painting, game collectible card art, vibrant colors, sharp focus"
"item_combo_mega","item","아이템","combo_mega","📢","콤보확성기","이번 스테이지 마지막 스핀 EXP 2배·점수 1.2배",,,"16","PHASE",,,"Sprites/Items/item_combo_mega.png","a bright megaphone bullhorn blasting energetic sound waves, power-up item icon, single subject centered, soft plain dark studio gradient background, highly detailed digital painting, game collectible card art, vibrant colors, sharp focus"
"item_cram","item","아이템","cram","📚","벼락치기","즉시 게이지 +요구치 15%",,,"12","INSTANT",,,"Sprites/Items/item_cram.png","a stack of books crammed under a glowing last-minute study burst, item icon, single subject centered, soft plain dark studio gradient background, highly detailed digital painting, game collectible card art, vibrant colors, sharp focus"
"item_cram_note","item","아이템","cram_note","📓","벼락치기노트","이번 스테이지 마지막 스핀 EXP ×2",,,"14","PHASE",,,"Sprites/Items/item_cram_note.png","a cramped handwritten study notebook bursting with last-minute energy, power-up item icon, single subject centered, soft plain dark studio gradient background, highly detailed digital painting, game collectible card art, vibrant colors, sharp focus"
"item_cram_note_x2","item","아이템","cram_note_x2","📔","벼락치기노트+","이번 스테이지 마지막 스핀 EXP 2배",,,"16","PHASE",,,"Sprites/Items/item_cram_note_x2.png","a thick hardcover study notebook glowing with doubled energy, power-up item icon, single subject centered, soft plain dark studio gradient background, highly detailed digital painting, game collectible card art, vibrant colors, sharp focus"
"item_crown_inject","item","아이템","crown_inject","👑","왕관주입","다음 스핀 👑왕관 대량 주입",,,"24","NEXTSPIN",,,"Sprites/Items/item_crown_inject.png","a syringe injecting a cascade of golden crowns into the reels, power-up item icon, single subject centered, soft plain dark studio gradient background, highly detailed digital painting, game collectible card art, vibrant colors, sharp focus"
"item_curse_amp","item","아이템","curse_amp","🩸","저주증폭제","이번 스테이지 ☠해골 1.6배·점수 1.4배",,,"16","PHASE",,,"Sprites/Items/item_curse_amp.png","a small vial of glowing crimson cursed blood elixir, power-up item icon, single subject centered, soft plain dark studio gradient background, highly detailed digital painting, game collectible card art, vibrant colors, sharp focus"
"item_dbl_nothing","item","아이템","dbl_nothing","🎰","올인학습","이번 스테이지 스핀마다 EXP+30·요구치+20%",,,"12","PHASE",,,"Sprites/Items/item_dbl_nothing.png","a high-stakes slot lever glowing with all-in double-or-nothing energy, power-up item icon, single subject centered, soft plain dark studio gradient background, highly detailed digital painting, game collectible card art, vibrant colors, sharp focus"
"item_debt_note","item","아이템","debt_note","🧾","빚문서","코인 +30 / 이후 4스테이지 클리어보상 0",,,"0","INSTANT",,,"Sprites/Items/item_debt_note.png","a crumpled paper debt promissory note with an ominous shadow, power-up item icon, single subject centered, soft plain dark studio gradient background, highly detailed digital painting, game collectible card art, vibrant colors, sharp focus"
"item_dev_battery","item","아이템","dev_battery","🔋","배터리부스트","다음 스핀 EXP +30%",,,"8","INSTANT",,,"Sprites/Items/item_dev_battery.png","a charged battery overflowing with crackling electric energy, power-up item icon, single subject centered, soft plain dark studio gradient background, highly detailed digital painting, game collectible card art, vibrant colors, sharp focus"
"item_devil_contract","item","아이템","devil_contract","😈","악마의계약서","유물 1개 + 저주 1개(코인+25)",,,"20","INSTANT",,,"Sprites/Items/item_devil_contract.png","a rolled dark parchment devil's contract scroll sealed with a red wax seal, power-up item icon, single subject centered, soft plain dark studio gradient background, highly detailed digital painting, game collectible card art, vibrant colors, sharp focus"
"item_double_aid","item","아이템","double_aid","🚑","특급처치","이번 스테이지 스핀 +2",,,"55","INSTANT",,,"Sprites/Items/item_double_aid.png","a speeding ambulance with a glowing red cross granting two extra tries, item icon, single subject centered, soft plain dark studio gradient background, highly detailed digital painting, game collectible card art, vibrant colors, sharp focus"
"item_energy_drink","item","아이템","energy_drink","🥤","에너지드링크","다음 스핀 EXP 2배",,,"18","NEXTSPIN",,,"Sprites/Items/item_energy_drink.png","a fizzy energy drink can with lightning bolts, power-up item icon, single subject centered, soft plain dark studio gradient background, highly detailed digital painting, game collectible card art, vibrant colors, sharp focus"
"item_eraser_fine","item","아이템","eraser_fine","🧼","고급지우개","다음 스핀 가장 낮은 칸 1개 제거(정밀)",,,"12","NEXTSPIN",,,"Sprites/Items/item_eraser_fine.png","a clean premium precision eraser with sharp crisp edges, power-up item icon, single subject centered, soft plain dark studio gradient background, highly detailed digital painting, game collectible card art, vibrant colors, sharp focus"
"item_eraser_god","item","아이템","eraser_god","✨","신의지우개","다음 스핀 낮은 칸 최대 2개 제거",,,"20","NEXTSPIN",,,"Sprites/Items/item_eraser_god.png","a divine eraser glowing with radiant holy light and sparkles, power-up item icon, single subject centered, soft plain dark studio gradient background, highly detailed digital painting, game collectible card art, vibrant colors, sharp focus"
"item_eraser_old","item","아이템","eraser_old","🧽","낡은지우개","다음 스핀 가장 낮은 칸 1개 제거",,,"8","NEXTSPIN",,,"Sprites/Items/item_eraser_old.png","a worn well-used rubber eraser with rounded edges, power-up item icon, single subject centered, soft plain dark studio gradient background, highly detailed digital painting, game collectible card art, vibrant colors, sharp focus"
"item_espresso","item","아이템","espresso","☕","에스프레소","이번 스테이지 스핀마다 EXP +15",,,"20","PHASE",,,"Sprites/Items/item_espresso.png","a tiny espresso cup blasting concentrated caffeine energy, power-up item icon, single subject centered, soft plain dark studio gradient background, highly detailed digital painting, game collectible card art, vibrant colors, sharp focus"
"item_fake_crown","item","아이템","fake_crown","👑","가짜왕관","다음 스핀 가장 높은 칸 → 👑왕관",,,"24","NEXTSPIN",,,"Sprites/Items/item_fake_crown.png","a flashy fake golden crown with a sly trickster shine, power-up item icon, single subject centered, soft plain dark studio gradient background, highly detailed digital painting, game collectible card art, vibrant colors, sharp focus"
"item_first_aid","item","아이템","first_aid","🩹","응급처치","이번 스테이지 스핀 +1",,,"30","INSTANT",,,"Sprites/Items/item_first_aid.png","a white first-aid kit with a glowing red cross granting an extra try, item icon, single subject centered, soft plain dark studio gradient background, highly detailed digital painting, game collectible card art, vibrant colors, sharp focus"
"item_focus_candy","item","아이템","focus_candy","🍬","집중사탕","다음 스핀 EXP +15%",,,"5","NEXTSPIN",,,"Sprites/Items/item_focus_candy.png","a colorful wrapped hard candy glowing with calm focus aura, power-up item icon, single subject centered, soft plain dark studio gradient background, highly detailed digital painting, game collectible card art, vibrant colors, sharp focus"
"item_fortune_incense","item","아이템","fortune_incense","🍀","행운향","이번 스테이지 희귀심볼 1.6배",,,"16","PHASE",,,"Sprites/Items/item_fortune_incense.png","a smoking incense stick curling lucky clover-green fortune smoke, power-up item icon, single subject centered, soft plain dark studio gradient background, highly detailed digital painting, game collectible card art, vibrant colors, sharp focus"
"item_gem_loupe","item","아이템","gem_loupe","💎","감정확대경","다음 스핀 💎보석 확률↑·점수 2배",,,"10","NEXTSPIN",,,"Sprites/Items/item_gem_loupe.png","a jeweler's magnifying loupe inspecting a sparkling blue gemstone, power-up item icon, single subject centered, soft plain dark studio gradient background, highly detailed digital painting, game collectible card art, vibrant colors, sharp focus"
"item_gem_pouch","item","아이템","gem_pouch","👝","보석주머니","이번 스테이지 💎보석 2배·점수+25%",,,"16","PHASE",,,"Sprites/Items/item_gem_pouch.png","a small drawstring pouch spilling sparkling gemstones, power-up item icon, single subject centered, soft plain dark studio gradient background, highly detailed digital painting, game collectible card art, vibrant colors, sharp focus"
"item_gold_chalk","item","아이템","gold_chalk","🖍️","황금분필","이번 스핀 EXP ×2",,,"13","NEXTSPIN",,,"Sprites/Items/item_gold_chalk.png","a single gleaming golden piece of chalk radiating bright light, power-up item icon, single subject centered, soft plain dark studio gradient background, highly detailed digital painting, game collectible card art, vibrant colors, sharp focus"
"item_gold_chalk_box","item","아이템","gold_chalk_box","✏️","황금분필세트","이번 스테이지 EXP 1.5배",,,"20","PHASE",,,"Sprites/Items/item_gold_chalk_box.png","an open box set of gleaming golden chalk sticks radiating light, power-up item icon, single subject centered, soft plain dark studio gradient background, highly detailed digital painting, game collectible card art, vibrant colors, sharp focus"
"item_gold_grad_bell","item","아이템","gold_grad_bell","🔔","황금졸업벨","부족 EXP ≤50이면 즉시 클리어",,,"90","INSTANT",,,"Sprites/Items/item_gold_grad_bell.png","a polished golden graduation hand bell ringing with bright light, power-up item icon, single subject centered, soft plain dark studio gradient background, highly detailed digital painting, game collectible card art, vibrant colors, sharp focus"
"item_grad_cert","item","아이템","grad_cert","🎓","졸업장","즉시 게이지 +요구치 100% (돌파)",,,"100","INSTANT",,,"Sprites/Items/item_grad_cert.png","a rolled golden graduation certificate bursting with breakthrough light, item icon, single subject centered, soft plain dark studio gradient background, highly detailed digital painting, game collectible card art, vibrant colors, sharp focus"
"item_grad_copy","item","아이템","grad_copy","🎓","졸업장복사본","즉시 게이지 +요구치 80%·점수 -10%",,,"70","INSTANT",,,"Sprites/Items/item_grad_copy.png","a photocopied graduation diploma scroll with a faded seal, power-up item icon, single subject centered, soft plain dark studio gradient background, highly detailed digital painting, game collectible card art, vibrant colors, sharp focus"
"item_grad_ring","item","아이템","grad_ring","💍","졸업반지","부족 EXP ≤20이면 즉시 클리어",,,"50","INSTANT",,,"Sprites/Items/item_grad_ring.png","an ornate golden graduation class ring with a glowing gem, power-up item icon, single subject centered, soft plain dark studio gradient background, highly detailed digital painting, game collectible card art, vibrant colors, sharp focus"
"item_greed_lens","item","아이템","greed_lens","🔍","탐욕의렌즈","이번 스테이지 점수 1.5배",,,"18","PHASE",,,"Sprites/Items/item_greed_lens.png","a round magnifying glass with a golden glinting greedy shine, power-up item icon, single subject centered, soft plain dark studio gradient background, highly detailed digital painting, game collectible card art, vibrant colors, sharp focus"
"item_honor_roll","item","아이템","honor_roll","🏅","우등생증","즉시 게이지 +요구치 70%",,,"60","INSTANT",,,"Sprites/Items/item_honor_roll.png","a gleaming honor-roll medal ribbon radiating top-student light, item icon, single subject centered, soft plain dark studio gradient background, highly detailed digital painting, game collectible card art, vibrant colors, sharp focus"
"item_insurance_cert","item","아이템","insurance_cert","📋","보험증서","이번 스테이지 실패 시 1회 생존(스핀+2)",,,"45","INSTANT",,,"Sprites/Items/item_insurance_cert.png","a rolled insurance certificate document with an official seal and ribbon, power-up item icon, single subject centered, soft plain dark studio gradient background, highly detailed digital painting, game collectible card art, vibrant colors, sharp focus"
"item_last_minute","item","아이템","last_minute","⏰","막판스퍼트","이번 스테이지 마지막 스핀 EXP 2배",,,"18","PHASE",,,"Sprites/Items/item_last_minute.png","a ticking alarm clock blazing with a final-spin power surge, power-up item icon, single subject centered, soft plain dark studio gradient background, highly detailed digital painting, game collectible card art, vibrant colors, sharp focus"
"item_loaded_dice","item","아이템","loaded_dice","🎲","조작주사위","다음 스핀 👑왕관 주입·점수 2배",,,"22","NEXTSPIN",,,"Sprites/Items/item_loaded_dice.png","a pair of weighted dice rolling out golden crowns, power-up item icon, single subject centered, soft plain dark studio gradient background, highly detailed digital painting, game collectible card art, vibrant colors, sharp focus"
"item_magnify","item","아이템","magnify","🔎","확대경","다음 스핀 희귀심볼 4배",,,"15","NEXTSPIN",,,"Sprites/Items/item_magnify.png","a brass magnifying glass beaming light onto rare symbols, power-up item icon, single subject centered, soft plain dark studio gradient background, highly detailed digital painting, game collectible card art, vibrant colors, sharp focus"
"item_mini_coupon","item","아이템","mini_coupon","🎟️","미니쿠폰","즉시 코인 +9",,,"5","INSTANT",,,"Sprites/Items/item_mini_coupon.png","a small perforated paper coupon ticket with a coin emblem, power-up item icon, single subject centered, soft plain dark studio gradient background, highly detailed digital painting, game collectible card art, vibrant colors, sharp focus"
"item_old_coin","item","아이템","old_coin","🪙","낡은동전","즉시 코인 +6",,,"4","INSTANT",,,"Sprites/Items/item_old_coin.png","a tarnished worn antique copper coin with faded engraving, power-up item icon, single subject centered, soft plain dark studio gradient background, highly detailed digital painting, game collectible card art, vibrant colors, sharp focus"
"item_overload_potion","item","아이템","overload_potion","🧪","폭주물약","이번 스테이지 EXP 2배·요구치+20%",,,"20","PHASE",,,"Sprites/Items/item_overload_potion.png","a bubbling flask of volatile glowing overload potion overflowing, power-up item icon, single subject centered, soft plain dark studio gradient background, highly detailed digital painting, game collectible card art, vibrant colors, sharp focus"
"item_overtime","item","아이템","overtime","⏰","야근","이번 스테이지 마지막 스핀 EXP 2배",,,"16","PHASE",,,"Sprites/Items/item_overtime.png","a glowing clock past midnight with a late-night overtime power glow, item icon, single subject centered, soft plain dark studio gradient background, highly detailed digital painting, game collectible card art, vibrant colors, sharp focus"
"item_price_hack","item","아이템","price_hack","🏷️","가격표조작기","즉시 코인 +18",,,"12","INSTANT",,,"Sprites/Items/item_price_hack.png","a price tag label being altered by a sneaky glowing tool, power-up item icon, single subject centered, soft plain dark studio gradient background, highly detailed digital painting, game collectible card art, vibrant colors, sharp focus"
"item_prof_bribe","item","아이템","prof_bribe","🧧","교수매수봉투","이번 스테이지 요구치 -15%",,,"24","PHASE",,,"Sprites/Items/item_prof_bribe.png","a red lucky money envelope stuffed and tied with golden ribbon, power-up item icon, single subject centered, soft plain dark studio gradient background, highly detailed digital painting, game collectible card art, vibrant colors, sharp focus"
"item_rare_lure","item","아이템","rare_lure","🍀","행운미끼","이번 스테이지 희귀심볼 2배",,,"16","PHASE",,,"Sprites/Items/item_rare_lure.png","a four-leaf clover fishing lure attracting rare glowing symbols, power-up item icon, single subject centered, soft plain dark studio gradient background, highly detailed digital painting, game collectible card art, vibrant colors, sharp focus"
"item_rare_scope","item","아이템","rare_scope","🔭","정밀스코프","다음 스핀 희귀심볼 3배",,,"18","NEXTSPIN",,,"Sprites/Items/item_rare_scope.png","a precision telescope scope locking onto rare glowing symbols, power-up item icon, single subject centered, soft plain dark studio gradient background, highly detailed digital painting, game collectible card art, vibrant colors, sharp focus"
"item_retake_form","item","아이템","retake_form","📄","재시험신청서","직전 스핀 전체 다시 굴림",,,"28","INSTANT",,,"Sprites/Items/item_retake_form.png","a blank retake exam application form sheet with a clock symbol, power-up item icon, single subject centered, soft plain dark studio gradient background, highly detailed digital painting, game collectible card art, vibrant colors, sharp focus"
"item_rich_lure","item","아이템","rich_lure","🍀","큰행운미끼","이번 스테이지 희귀심볼 3배",,,"16","PHASE",,,"Sprites/Items/item_rich_lure.png","a large ornate four-leaf clover fishing lure dripping with lucky charm, power-up item icon, single subject centered, soft plain dark studio gradient background, highly detailed digital painting, game collectible card art, vibrant colors, sharp focus"
"item_score_calc","item","아이템","score_calc","🧮","점수계산기","즉시 현재 점수 +30%",,,"22","INSTANT",,,"Sprites/Items/item_score_calc.png","a small handheld calculator glowing with rising score energy, power-up item icon, single subject centered, soft plain dark studio gradient background, highly detailed digital painting, game collectible card art, vibrant colors, sharp focus"
"item_score_sticker","item","아이템","score_sticker","💯","점수스티커","사용 즉시 점수 +150",,,"5","INSTANT",,,"Sprites/Items/item_score_sticker.png","a glossy round perfect-score reward sticker with a shiny star burst, power-up item icon, single subject centered, soft plain dark studio gradient background, highly detailed digital painting, game collectible card art, vibrant colors, sharp focus"
"item_seal_tape","item","아이템","seal_tape","🩹","봉인테이프","다음 스핀 ☠해골 미등장",,,"9","NEXTSPIN",,,"Sprites/Items/item_seal_tape.png","a roll of protective sealing tape with a warding emblem, power-up item icon, single subject centered, soft plain dark studio gradient background, highly detailed digital painting, game collectible card art, vibrant colors, sharp focus"
"item_skull_shield","item","아이템","skull_shield","🛡️","해골방패","이번 스테이지 ☠해골 미등장",,,"14","PHASE",,,"Sprites/Items/item_skull_shield.png","a sturdy round shield warding off a faint ominous skull, power-up item icon, single subject centered, soft plain dark studio gradient background, highly detailed digital painting, game collectible card art, vibrant colors, sharp focus"
"item_skull_sticker","item","아이템","skull_sticker","💯","해골스티커","다음 스핀 ☠해골 1개당 점수 +100(무페널티)",,,"12","NEXTSPIN",,,"Sprites/Items/item_skull_sticker.png","a glossy cartoon skull reward sticker glowing with bonus points, power-up item icon, single subject centered, soft plain dark studio gradient background, highly detailed digital painting, game collectible card art, vibrant colors, sharp focus"
"item_small_snack","item","아이템","small_snack","🍪","작은간식","다음 스핀 ☠해골 미등장",,,"4","NEXTSPIN",,,"Sprites/Items/item_small_snack.png","a single round chocolate chip cookie snack, power-up item icon, single subject centered, soft plain dark studio gradient background, highly detailed digital painting, game collectible card art, vibrant colors, sharp focus"
"item_sparkle_dust","item","아이템","sparkle_dust","✨","반짝이가루","다음 스핀 💎보석 확률 ↑",,,"6","NEXTSPIN",,,"Sprites/Items/item_sparkle_dust.png","a pinch of glittering magical sparkle dust scattering shimmering stars, power-up item icon, single subject centered, soft plain dark studio gradient background, highly detailed digital painting, game collectible card art, vibrant colors, sharp focus"
"item_study_streak","item","아이템","study_streak","✍️","집중모드","이번 스테이지 스핀마다 EXP +6",,,"12","PHASE",,,"Sprites/Items/item_study_streak.png","a glowing pen leaving a steady streak of focus light, power-up item icon, single subject centered, soft plain dark studio gradient background, highly detailed digital painting, game collectible card art, vibrant colors, sharp focus"
"item_sugar_powder","item","아이템","sugar_powder","🍚","설탕가루","이번 스테이지 🍒체리 1.6배·EXP+8",,,"12","PHASE",,,"Sprites/Items/item_sugar_powder.png","a small bowl of fine white sugar powder spilling out, power-up item icon, single subject centered, soft plain dark studio gradient background, highly detailed digital painting, game collectible card art, vibrant colors, sharp focus"
"item_summary_note","item","아이템","summary_note","🗒️","요약노트","이번 스테이지 스핀마다 EXP+9",,,"13","PHASE",,,"Sprites/Items/item_summary_note.png","a tidy folded summary memo pad with neat colored tabs, power-up item icon, single subject centered, soft plain dark studio gradient background, highly detailed digital painting, game collectible card art, vibrant colors, sharp focus"
"item_timeline_ticket","item","아이템","timeline_ticket","🎟️","세계선티켓","다음 스핀 2번 굴려 유리한 쪽 자동확정",,,"26","INSTANT",,,"Sprites/Items/item_timeline_ticket.png","a glowing admission ticket rippling with branching timeline energy, power-up item icon, single subject centered, soft plain dark studio gradient background, highly detailed digital painting, game collectible card art, vibrant colors, sharp focus"
"item_tutor","item","아이템","tutor","👨‍🏫","과외","이번 스테이지 스핀마다 EXP +10",,,"18","PHASE",,,"Sprites/Items/item_tutor.png","a glowing teacher figure at a chalkboard boosting study energy, power-up item icon, single subject centered, soft plain dark studio gradient background, highly detailed digital painting, game collectible card art, vibrant colors, sharp focus"
"item_ward_charm","item","아이템","ward_charm","🧿","액막이부적","다음 스핀 ☠해골 미등장",,,"10","NEXTSPIN",,,"Sprites/Items/item_ward_charm.png","a blue nazar ward amulet repelling a fading dark skull, protective item icon, single subject centered, soft plain dark studio gradient background, highly detailed digital painting, game collectible card art, vibrant colors, sharp focus"
"item_wild_inject","item","아이템","wild_inject","🌀","와일드주입","다음 스핀 🌀와일드 주입",,,"22","NEXTSPIN",,,"Sprites/Items/item_wild_inject.png","a syringe injecting swirling rainbow wild energy into the reels, power-up item icon, single subject centered, soft plain dark studio gradient background, highly detailed digital painting, game collectible card art, vibrant colors, sharp focus"
"item_wild_temp","item","아이템","wild_temp","🌀","임시와일드","다음 스핀 랜덤 1칸 → 🌀와일드",,,"16","NEXTSPIN",,,"Sprites/Items/item_wild_temp.png","a swirling glowing spiral vortex orb of temporary wild energy, power-up item icon, single subject centered, soft plain dark studio gradient background, highly detailed digital painting, game collectible card art, vibrant colors, sharp focus"
"mac_basic","mac","슬롯머신","basic","🎰","기본","표준 확률 (입문)",,,,,,,"Sprites/Machines/mac_basic.png","a classic retro arcade slot machine cabinet, neutral grey and red, glowing screen, single subject centered, soft plain dark studio gradient background, highly detailed digital painting, game collectible card art, vibrant colors, sharp focus"
"mac_bomb","mac","슬롯머신","bomb","💣","폭탄","폭탄↑ (제거/계산)",,,,,,,"Sprites/Machines/mac_bomb.png","a slot machine cabinet rigged with cartoon bombs and dynamite sticks, explosive, single subject centered, soft plain dark studio gradient background, highly detailed digital painting, game collectible card art, vibrant colors, sharp focus"
"mac_casino","mac","슬롯머신","casino","🎲","카지노","🎲주사위 등장·고변동 (운빨)",,,,,,,"Sprites/Machines/mac_casino.png","a vegas style slot machine cabinet with rolling dice and bright neon lights, gambling theme, single subject centered, soft plain dark studio gradient background, highly detailed digital painting, game collectible card art, vibrant colors, sharp focus"
"mac_cherry","mac","슬롯머신","cherry","🍒","체리","체리↑·왕관↓ (안정)",,,,,,,"Sprites/Machines/mac_cherry.png","a slot machine cabinet decorated all over with bright red cherries, cute cheerful, single subject centered, soft plain dark studio gradient background, highly detailed digital painting, game collectible card art, vibrant colors, sharp focus"
"mac_clover","mac","슬롯머신","clover","🍀","행운","희귀·코인·불꽃↑ (행운)",,,,,,,"Sprites/Machines/mac_clover.png","a lucky green slot machine cabinet decorated with four-leaf clovers and gold coins, fortune theme, single subject centered, soft plain dark studio gradient background, highly detailed digital painting, game collectible card art, vibrant colors, sharp focus"
"mac_crown","mac","슬롯머신","crown","👑","왕관","왕관↑·기본↓ (운빨 고점)",,,,,,,"Sprites/Machines/mac_crown.png","a golden royal slot machine cabinet topped with a jeweled crown, opulent, single subject centered, soft plain dark studio gradient background, highly detailed digital painting, game collectible card art, vibrant colors, sharp focus"
"mac_flame","mac","슬롯머신","flame","🔥","불꽃","불꽃·해골↑ (배율형)",,,,,,,"Sprites/Machines/mac_flame.png","a slot machine cabinet engulfed in roaring orange flames, fiery hot, single subject centered, soft plain dark studio gradient background, highly detailed digital painting, game collectible card art, vibrant colors, sharp focus"
"mac_garden","mac","슬롯머신","garden","🌱","정원","🌱씨앗 등장·성장형",,,,,,,"Sprites/Machines/mac_garden.png","a slot machine cabinet overgrown with green vines, sprouts and seedlings, nature growth theme, single subject centered, soft plain dark studio gradient background, highly detailed digital painting, game collectible card art, vibrant colors, sharp focus"
"mac_gem","mac","슬롯머신","gem","💎","보석","보석↑·체리/책↓ (점수)",,,,,,,"Sprites/Machines/mac_gem.png","a luxurious slot machine cabinet encrusted with diamonds and colorful gems, glittering, single subject centered, soft plain dark studio gradient background, highly detailed digital painting, game collectible card art, vibrant colors, sharp focus"
"mac_library","mac","슬롯머신","library","📚","도서관","책↑·코인/보석↓ (경험치)",,,,,,,"Sprites/Machines/mac_library.png","a slot machine cabinet built from stacked old books, cozy library theme, warm wood, single subject centered, soft plain dark studio gradient background, highly detailed digital painting, game collectible card art, vibrant colors, sharp focus"
"mac_magnet","mac","슬롯머신","magnet","🧲","자석","자석↑ (콤보)",,,,,,,"Sprites/Machines/mac_magnet.png","a slot machine cabinet with two giant red horseshoe magnets, metallic industrial, single subject centered, soft plain dark studio gradient background, highly detailed digital painting, game collectible card art, vibrant colors, sharp focus"
"mac_rainbow","mac","슬롯머신","rainbow","🌈","무지개","⭐💎👑 등장↑·🍒📘↓·고변동 (한방)",,,,,,,"Sprites/Machines/mac_rainbow.png","a dazzling rainbow colored slot machine cabinet radiating prismatic light, jackpot theme, single subject centered, soft plain dark studio gradient background, highly detailed digital painting, game collectible card art, vibrant colors, sharp focus"
"mac_skull","mac","슬롯머신","skull","☠","해골","해골↑·고위험 (점수↑)",,,,,,,"Sprites/Machines/mac_skull.png","a sinister slot machine cabinet covered in skulls with eerie purple glow, spooky, single subject centered, soft plain dark studio gradient background, highly detailed digital painting, game collectible card art, vibrant colors, sharp focus"
"mac_star","mac","슬롯머신","star","⭐","별빛","별↑·세트 잘맞음 (콤보)",,,,,,,"Sprites/Machines/mac_star.png","a slot machine cabinet covered in glowing golden stars, twinkling night sky theme, single subject centered, soft plain dark studio gradient background, highly detailed digital painting, game collectible card art, vibrant colors, sharp focus"
"mac_vault","mac","슬롯머신","vault","🗝","금고","🗝열쇠 등장·코인↑",,,,,,,"Sprites/Machines/mac_vault.png","a heavy steel bank vault slot machine cabinet with golden keys and stacked coins, treasure theme, single subject centered, soft plain dark studio gradient background, highly detailed digital painting, game collectible card art, vibrant colors, sharp focus"
"mac_wildmac","mac","슬롯머신","wildmac","🌀","와일드","🌀와일드 등장 (세트 조작)",,,,,,,"Sprites/Machines/mac_wildmac.png","a swirling psychedelic slot machine cabinet with rainbow wild spiral symbols, chaotic magic, single subject centered, soft plain dark studio gradient background, highly detailed digital painting, game collectible card art, vibrant colors, sharp focus"
"rel_auto_pen","rel","유물","auto_pen","🖋️","자동 필기 펜","📘책 EXP +2","SILVER","10",,,,,"Sprites/Relics/rel_auto_pen.png","an ornate antique self-writing fountain pen with a golden nib and faint magical glow, relic icon, single subject centered, soft plain dark studio gradient background, highly detailed digital painting, game collectible card art, vibrant colors, sharp focus"
"rel_battery","rel","유물","battery","🔋","배터리","스핀마다 EXP +6","GOLD","18",,,,,"Sprites/Relics/rel_battery.png","a glowing energy battery cell crackling with stored power, relic icon, single subject centered, soft plain dark studio gradient background, highly detailed digital painting, game collectible card art, vibrant colors, sharp focus"
"rel_black_candle","rel","유물","black_candle","🕯️","검은촛불","☠해골이 EXP +4","GOLD","18",,,,,"Sprites/Relics/rel_black_candle.png","a flickering black candle burning with an eerie purple flame, dark relic icon, single subject centered, soft plain dark studio gradient background, highly detailed digital painting, game collectible card art, vibrant colors, sharp focus"
"rel_black_report","rel","유물","black_report","📋","검은 성적표","☠해골이 EXP +4","GOLD","18",,,,,"Sprites/Relics/rel_black_report.png","a sinister black clipboard with a blank cursed report card, dark shadowy aura, relic icon, single subject centered, soft plain dark studio gradient background, highly detailed digital painting, game collectible card art, vibrant colors, sharp focus"
"rel_bloody_coupon","rel","유물","bloody_coupon","🩸","피 묻은 쿠폰북","☠해골이 EXP +4·코인 +20%","GOLD","18",,,,,"Sprites/Relics/rel_bloody_coupon.png","a dark crimson-stained coupon booklet with ominous blood-red glow, relic icon, single subject centered, soft plain dark studio gradient background, highly detailed digital painting, game collectible card art, vibrant colors, sharp focus"
"rel_bookmark","rel","유물","bookmark","🔖","책갈피","학습태그(📘) 1개당 EXP +3","SILVER","12",,,,,"Sprites/Relics/rel_bookmark.png","a tasseled ribbon bookmark glowing between study pages, relic icon, single subject centered, soft plain dark studio gradient background, highly detailed digital painting, game collectible card art, vibrant colors, sharp focus"
"rel_broken_crown","rel","유물","broken_crown","👑","깨진 왕관","👑왕관 점수 +15","SILVER","16",,,,,"Sprites/Relics/rel_broken_crown.png","a cracked golden royal crown with a missing jewel, weathered antique finish, relic icon, single subject centered, soft plain dark studio gradient background, highly detailed digital painting, game collectible card art, vibrant colors, sharp focus"
"rel_calculator","rel","유물","calculator","🧮","작은 계산기","💎보석 점수 +12","SILVER","12",,,,,"Sprites/Relics/rel_calculator.png","a small antique brass abacus calculator with polished beads, relic icon, single subject centered, soft plain dark studio gradient background, highly detailed digital painting, game collectible card art, vibrant colors, sharp focus"
"rel_charm_relic","rel","유물","charm_relic","🧿","부적","모든 EXP +12%","GOLD","20",,,,,"Sprites/Relics/rel_charm_relic.png","a blue evil-eye nazar amulet charm warding with a protective glow, relic icon, single subject centered, soft plain dark studio gradient background, highly detailed digital painting, game collectible card art, vibrant colors, sharp focus"
"rel_cherry_can","rel","유물","cherry_can","🥫","체리 통조림","🍒체리 EXP +3","SILVER","12",,,,,"Sprites/Relics/rel_cherry_can.png","a vintage tin can of preserved red cherries with an ornate label-free lid, relic icon, single subject centered, soft plain dark studio gradient background, highly detailed digital painting, game collectible card art, vibrant colors, sharp focus"
"rel_cherry_candy","rel","유물","cherry_candy","🍬","체리사탕","🍒체리 EXP +2","SILVER","10",,,,,"Sprites/Relics/rel_cherry_candy.png","a glossy cherry-flavored candy on a stick with a sweet red glow, relic icon, single subject centered, soft plain dark studio gradient background, highly detailed digital painting, game collectible card art, vibrant colors, sharp focus"
"rel_cherry_jam","rel","유물","cherry_jam","🍓","체리잼","🍒체리 EXP +3","SILVER","12",,,,,"Sprites/Relics/rel_cherry_jam.png","a glass jar of glistening red cherry jam with a fruit glow, relic icon, single subject centered, soft plain dark studio gradient background, highly detailed digital painting, game collectible card art, vibrant colors, sharp focus"
"rel_cherry_press","rel","유물","cherry_press","🧃","체리 압축기","🍒체리 EXP +2","SILVER","10",,,,,"Sprites/Relics/rel_cherry_press.png","a small vintage brass cherry press juicer with ripe red cherries, relic icon, single subject centered, soft plain dark studio gradient background, highly detailed digital painting, game collectible card art, vibrant colors, sharp focus"
"rel_clover","rel","유물","clover","🍀","네잎클로버","모든 EXP +8%","GOLD","16",,,,,"Sprites/Relics/rel_clover.png","a lucky four-leaf clover charm with a soft green glow, relic icon, single subject centered, soft plain dark studio gradient background, highly detailed digital painting, game collectible card art, vibrant colors, sharp focus"
"rel_coffee","rel","유물","coffee","☕","커피잔","마지막 스핀 EXP +15%","SILVER","14",,,,,"Sprites/Relics/rel_coffee.png","a warm steaming coffee cup glowing with a late-night focus aura, relic icon, single subject centered, soft plain dark studio gradient background, highly detailed digital painting, game collectible card art, vibrant colors, sharp focus"
"rel_coin_pouch","rel","유물","coin_pouch","👛","동전지갑","코인 +20%","SILVER","12",,,,,"Sprites/Relics/rel_coin_pouch.png","a small drawstring pouch spilling shiny gold coins, relic icon, single subject centered, soft plain dark studio gradient background, highly detailed digital painting, game collectible card art, vibrant colors, sharp focus"
"rel_combo_trophy","rel","유물","combo_trophy","🏆","콤보트로피","세트 보너스 +25%","GOLD","20",,,,,"Sprites/Relics/rel_combo_trophy.png","a golden combo trophy cup engraved with linked symbols, relic icon, single subject centered, soft plain dark studio gradient background, highly detailed digital painting, game collectible card art, vibrant colors, sharp focus"
"rel_crown_jewel","rel","유물","crown_jewel","👑","왕관보석","👑왕관 점수 +30","GOLD","22",,,,,"Sprites/Relics/rel_crown_jewel.png","a glittering crown jewel gemstone radiating royal golden light, relic icon, single subject centered, soft plain dark studio gradient background, highly detailed digital painting, game collectible card art, vibrant colors, sharp focus"
"rel_crown_stand","rel","유물","crown_stand","🏛️","왕관 받침대","👑왕관 점수 +25","GOLD","20",,,,,"Sprites/Relics/rel_crown_stand.png","an ornate marble pedestal display stand for a royal crown, golden trim, relic icon, single subject centered, soft plain dark studio gradient background, highly detailed digital painting, game collectible card art, vibrant colors, sharp focus"
"rel_crumpled_coupon","rel","유물","crumpled_coupon","🧾","구겨진 쿠폰","코인 +20%","SILVER","10",,,,,"Sprites/Relics/rel_crumpled_coupon.png","a crumpled vintage paper coupon slip with worn creases, relic icon, single subject centered, soft plain dark studio gradient background, highly detailed digital painting, game collectible card art, vibrant colors, sharp focus"
"rel_crystal_ball","rel","유물","crystal_ball","🔮","수정구","희귀심볼 등장 +30%","GOLD","20",,,,,"Sprites/Relics/rel_crystal_ball.png","a glowing purple crystal ball revealing swirling rare symbols, relic icon, single subject centered, soft plain dark studio gradient background, highly detailed digital painting, game collectible card art, vibrant colors, sharp focus"
"rel_cursed_wallet","rel","유물","cursed_wallet","💰","저주받은 지갑","코인 +30%·☠해골 EXP +2","GOLD","18",,,,,"Sprites/Relics/rel_cursed_wallet.png","a dark leather money pouch overflowing with coins, faint ominous purple glow, relic icon, single subject centered, soft plain dark studio gradient background, highly detailed digital painting, game collectible card art, vibrant colors, sharp focus"
"rel_desk_lamp","rel","유물","desk_lamp","🪔","스탠드","마지막 스핀 EXP +12%","SILVER","12",,,,,"Sprites/Relics/rel_desk_lamp.png","a small oil desk lamp casting a warm focused study glow, relic icon, single subject centered, soft plain dark studio gradient background, highly detailed digital painting, game collectible card art, vibrant colors, sharp focus"
"rel_diploma_relic","rel","유물","diploma_relic","🎓","졸업장식","학습태그(📘) 1개당 EXP +5","GOLD","18",,,,,"Sprites/Relics/rel_diploma_relic.png","an ornate framed graduation diploma with a glowing tassel, relic icon, single subject centered, soft plain dark studio gradient background, highly detailed digital painting, game collectible card art, vibrant colors, sharp focus"
"rel_eraser","rel","유물","eraser","✏️","지우개","📘책 EXP +2","SILVER","10",,,,,"Sprites/Relics/rel_eraser.png","a pink rubber eraser smudged with pencil dust, study relic icon, single subject centered, soft plain dark studio gradient background, highly detailed digital painting, game collectible card art, vibrant colors, sharp focus"
"rel_fate_handle","rel","유물","fate_handle","🎰","운명의 손잡이","희귀심볼 등장 +25%","GOLD","18",,,,,"Sprites/Relics/rel_fate_handle.png","an ornate golden slot machine lever wrapped in swirling mystical fate energy, relic icon, single subject centered, soft plain dark studio gradient background, highly detailed digital painting, game collectible card art, vibrant colors, sharp focus"
"rel_flame_canister","rel","유물","flame_canister","🛢️","불꽃 저장통","모든 EXP +8%","GOLD","16",,,,,"Sprites/Relics/rel_flame_canister.png","a vintage metal fuel canister glowing with contained orange flames, relic icon, single subject centered, soft plain dark studio gradient background, highly detailed digital painting, game collectible card art, vibrant colors, sharp focus"
"rel_focus_ring","rel","유물","focus_ring","💍","집중반지","가운데 칸 EXP +60%","GOLD","18",,,,,"Sprites/Relics/rel_focus_ring.png","a glowing gold ring concentrating a beam onto a center tile, relic icon, single subject centered, soft plain dark studio gradient background, highly detailed digital painting, game collectible card art, vibrant colors, sharp focus"
"rel_four_clover","rel","유물","four_clover","🍀","네잎클로버2","모든 EXP +10%","GOLD","20",,,,,"Sprites/Relics/rel_four_clover.png","a pristine four-leaf clover pressed in glass with a green glow, relic icon, single subject centered, soft plain dark studio gradient background, highly detailed digital painting, game collectible card art, vibrant colors, sharp focus"
"rel_gamblers_eye","rel","유물","gamblers_eye","👁️","도박사의 눈","희귀심볼 등장 +20%","GOLD","18",,,,,"Sprites/Relics/rel_gamblers_eye.png","a mystical all-seeing eye amulet with golden iris and glowing aura, relic icon, single subject centered, soft plain dark studio gradient background, highly detailed digital painting, game collectible card art, vibrant colors, sharp focus"
"rel_gem_cert","rel","유물","gem_cert","📜","보석감정서","💎보석 점수 +15","GOLD","20",,,,,"Sprites/Relics/rel_gem_cert.png","a rolled gemstone appraisal certificate with a wax seal and diamond, relic icon, single subject centered, soft plain dark studio gradient background, highly detailed digital painting, game collectible card art, vibrant colors, sharp focus"
"rel_gem_dust","rel","유물","gem_dust","✨","보석가루","💎보석 점수 +10","SILVER","12",,,,,"Sprites/Relics/rel_gem_dust.png","a pinch of glittering blue gem dust sparkling in the air, relic icon, single subject centered, soft plain dark studio gradient background, highly detailed digital painting, game collectible card art, vibrant colors, sharp focus"
"rel_gem_tiara","rel","유물","gem_tiara","💎","보석티아라","💎보석 점수 +20","GOLD","22",,,,,"Sprites/Relics/rel_gem_tiara.png","a delicate silver tiara studded with brilliant blue diamonds, relic icon, single subject centered, soft plain dark studio gradient background, highly detailed digital painting, game collectible card art, vibrant colors, sharp focus"
"rel_greed_goblet","rel","유물","greed_goblet","🏆","탐욕의 잔","모든 EXP +10%","GOLD","18",,,,,"Sprites/Relics/rel_greed_goblet.png","an ornate golden trophy goblet overflowing with glittering treasure, relic icon, single subject centered, soft plain dark studio gradient background, highly detailed digital painting, game collectible card art, vibrant colors, sharp focus"
"rel_hot_handle","rel","유물","hot_handle","🔥","뜨거운 슬롯핸들","모든 EXP +9%","GOLD","18",,,,,"Sprites/Relics/rel_hot_handle.png","a glowing red-hot slot machine lever handle radiating fiery heat, relic icon, single subject centered, soft plain dark studio gradient background, highly detailed digital painting, game collectible card art, vibrant colors, sharp focus"
"rel_hourglass_r","rel","유물","hourglass_r","⏳","모래시계","첫·마지막 스핀 EXP +20%","GOLD","22",,,,,"Sprites/Relics/rel_hourglass_r.png","an antique brass hourglass with glowing sand at both ends, relic icon, single subject centered, soft plain dark studio gradient background, highly detailed digital painting, game collectible card art, vibrant colors, sharp focus"
"rel_iron_chain","rel","유물","iron_chain","⛓️","쇠사슬","붙은 같은 심볼 쌍당 EXP +14","GOLD","18",,,,,"Sprites/Relics/rel_iron_chain.png","a heavy iron chain with glowing links binding matched tiles, relic icon, single subject centered, soft plain dark studio gradient background, highly detailed digital painting, game collectible card art, vibrant colors, sharp focus"
"rel_kings_ledger","rel","유물","kings_ledger","📜","왕의 족보","👑왕관 점수 +20·등장↑","GOLD","22",,,,,"Sprites/Relics/rel_kings_ledger.png","an ancient royal scroll of lineage with golden seal and ornate ribbon, relic icon, single subject centered, soft plain dark studio gradient background, highly detailed digital painting, game collectible card art, vibrant colors, sharp focus"
"rel_library_card","rel","유물","library_card","🪪","도서관 카드","📘책 EXP +3·학습태그 1개당 EXP +3","GOLD","18",,,,,"Sprites/Relics/rel_library_card.png","a worn vintage library membership card with embossed crest, relic icon, single subject centered, soft plain dark studio gradient background, highly detailed digital painting, game collectible card art, vibrant colors, sharp focus"
"rel_lucky_eraser","rel","유물","lucky_eraser","🩹","행운의 지우개","희귀심볼 등장 +15%","SILVER","14",,,,,"Sprites/Relics/rel_lucky_eraser.png","a small lucky rubber eraser with a faint golden four-leaf-clover shimmer, relic icon, single subject centered, soft plain dark studio gradient background, highly detailed digital painting, game collectible card art, vibrant colors, sharp focus"
"rel_magnet_chip","rel","유물","magnet_chip","🧲","자석칩","🧲자석 EXP +2","SILVER","10",,,,,"Sprites/Relics/rel_magnet_chip.png","a small glowing magnet chip attracting tiny metal flecks, relic icon, single subject centered, soft plain dark studio gradient background, highly detailed digital painting, game collectible card art, vibrant colors, sharp focus"
"rel_magnifier","rel","유물","magnifier","🔎","돋보기","희귀심볼 등장 +15%","SILVER","16",,,,,"Sprites/Relics/rel_magnifier.png","a brass-rimmed magnifying glass revealing tiny rare symbols, relic icon, single subject centered, soft plain dark studio gradient background, highly detailed digital painting, game collectible card art, vibrant colors, sharp focus"
"rel_mini_scope","rel","유물","mini_scope","🔬","미니스코프","희귀심볼 등장 +15%","SILVER","14",,,,,"Sprites/Relics/rel_mini_scope.png","a tiny microscope magnifying glowing rare symbols, relic icon, single subject centered, soft plain dark studio gradient background, highly detailed digital painting, game collectible card art, vibrant colors, sharp focus"
"rel_old_book","rel","유물","old_book","📘","낡은교과서","📘책 EXP +3","SILVER","12",,,,,"Sprites/Relics/rel_old_book.png","a worn antique blue textbook with a faint magical glow, relic icon, single subject centered, soft plain dark studio gradient background, highly detailed digital painting, game collectible card art, vibrant colors, sharp focus"
"rel_old_wallet","rel","유물","old_wallet","👛","낡은 지갑","코인 +20%","SILVER","12",,,,,"Sprites/Relics/rel_old_wallet.png","a worn brown leather wallet with frayed edges and faded stitching, relic icon, single subject centered, soft plain dark studio gradient background, highly detailed digital painting, game collectible card art, vibrant colors, sharp focus"
"rel_ominous_skull","rel","유물","ominous_skull","💀","불길한 해골 목걸이","☠해골이 EXP +5","GOLD","18",,,,,"Sprites/Relics/rel_ominous_skull.png","a dark obsidian skull pendant on a tarnished silver chain with eerie purple glow, relic icon, single subject centered, soft plain dark studio gradient background, highly detailed digital painting, game collectible card art, vibrant colors, sharp focus"
"rel_paperclip","rel","유물","paperclip","📎","클립","세트 보너스 +15%","SILVER","12",,,,,"Sprites/Relics/rel_paperclip.png","a shiny bent metal paperclip linking glowing notes, relic icon, single subject centered, soft plain dark studio gradient background, highly detailed digital painting, game collectible card art, vibrant colors, sharp focus"
"rel_pencil","rel","유물","pencil","✏️","연필깎이","첫 스핀 EXP +15%","SILVER","12",,,,,"Sprites/Relics/rel_pencil.png","a sharpened wooden pencil curling fresh shavings, study relic icon, single subject centered, soft plain dark studio gradient background, highly detailed digital painting, game collectible card art, vibrant colors, sharp focus"
"rel_piggy_bank","rel","유물","piggy_bank","🐷","돼지저금통","코인 +40%·클리어코인 +2","GOLD","18",,,,,"Sprites/Relics/rel_piggy_bank.png","a pink ceramic piggy bank overflowing with shiny gold coins, relic icon, single subject centered, soft plain dark studio gradient background, highly detailed digital painting, game collectible card art, vibrant colors, sharp focus"
"rel_practice_pad","rel","유물","practice_pad","📓","연습장","📘책 EXP +2","SILVER","10",,,,,"Sprites/Relics/rel_practice_pad.png","a worn vintage spiral practice notebook with curled corners, relic icon, single subject centered, soft plain dark studio gradient background, highly detailed digital painting, game collectible card art, vibrant colors, sharp focus"
"rel_ruler","rel","유물","ruler","📏","자","첫 스핀 EXP +12%","SILVER","12",,,,,"Sprites/Relics/rel_ruler.png","a wooden ruler with glowing precise measurement marks, relic icon, single subject centered, soft plain dark studio gradient background, highly detailed digital painting, game collectible card art, vibrant colors, sharp focus"
"rel_rusty_coin","rel","유물","rusty_coin","🪙","녹슨동전","코인 +20%","SILVER","12",,,,,"Sprites/Relics/rel_rusty_coin.png","a tarnished old copper coin with a faint lucky shimmer, relic icon, single subject centered, soft plain dark studio gradient background, highly detailed digital painting, game collectible card art, vibrant colors, sharp focus"
"rel_set_charm","rel","유물","set_charm","🎰","세트부적","세트 보너스 +25%","GOLD","18",,,,,"Sprites/Relics/rel_set_charm.png","a tiny slot machine charm pendant glowing with combo luck, relic icon, single subject centered, soft plain dark studio gradient background, highly detailed digital painting, game collectible card art, vibrant colors, sharp focus"
"rel_silver_mirror","rel","유물","silver_mirror","🪞","은거울","양끝 같은 심볼 EXP +70%","GOLD","18",,,,,"Sprites/Relics/rel_silver_mirror.png","an ornate silver hand mirror reflecting two matched glowing tiles, relic icon, single subject centered, soft plain dark studio gradient background, highly detailed digital painting, game collectible card art, vibrant colors, sharp focus"
"rel_skull_idol","rel","유물","skull_idol","💀","해골우상","☠해골이 EXP +6","GOLD","18",,,,,"Sprites/Relics/rel_skull_idol.png","a carved stone skull idol with glowing eye sockets, dark relic icon, single subject centered, soft plain dark studio gradient background, highly detailed digital painting, game collectible card art, vibrant colors, sharp focus"
"rel_small_candle","rel","유물","small_candle","🕯️","작은초","☠해골이 EXP +3","SILVER","12",,,,,"Sprites/Relics/rel_small_candle.png","a short stubby candle with a tiny eerie flickering flame, relic icon, single subject centered, soft plain dark studio gradient background, highly detailed digital painting, game collectible card art, vibrant colors, sharp focus"
"rel_spare_token","rel","유물","spare_token","🎟️","여분토큰","스테이지 스핀 +1","GOLD","30",,,,,"Sprites/Relics/rel_spare_token.png","a golden spare arcade token glowing with an extra-spin aura, relic icon, single subject centered, soft plain dark studio gradient background, highly detailed digital painting, game collectible card art, vibrant colors, sharp focus"
"rel_star_chart","rel","유물","star_chart","🌠","별자리표","⭐별 EXP +2","SILVER","12",,,,,"Sprites/Relics/rel_star_chart.png","an old parchment star chart with glowing constellation lines, relic icon, single subject centered, soft plain dark studio gradient background, highly detailed digital painting, game collectible card art, vibrant colors, sharp focus"
"rel_star_sticker","rel","유물","star_sticker","⭐","별스티커","⭐별 점수 +8","SILVER","12",,,,,"Sprites/Relics/rel_star_sticker.png","a shiny gold foil star sticker peeling off a page, relic icon, single subject centered, soft plain dark studio gradient background, highly detailed digital painting, game collectible card art, vibrant colors, sharp focus"
"rel_thick_tome","rel","유물","thick_tome","📕","두꺼운책","📘책 EXP +4","GOLD","18",,,,,"Sprites/Relics/rel_thick_tome.png","a massive thick dark-red leather tome glowing with knowledge, relic icon, single subject centered, soft plain dark studio gradient background, highly detailed digital painting, game collectible card art, vibrant colors, sharp focus"
"rel_wide_lens","rel","유물","wide_lens","🔭","집중경","가운데 칸 EXP +50%","GOLD","16",,,,,"Sprites/Relics/rel_wide_lens.png","a wide telescope lens focusing a bright beam on a center tile, relic icon, single subject centered, soft plain dark studio gradient background, highly detailed digital painting, game collectible card art, vibrant colors, sharp focus"